run_id,provider,model_id,task_id,condition,attempt,max_tokens,reasoning_effort,generation_status,finish_reason,http_status,provider_error,input_tokens,output_tokens,estimated_cost_usd,elapsed_seconds,syntax_status,functional_status,security_status,hallucination_status,api_conformance_status,request_id,provider_response_id,created_at,artifact_dir,candidate_code_sha256,prompt_sha256,run_manifest_path,evaluation_path,response_path
2026-10-02__codestral-2508__baseline__api__docground-api-pilot-candidate-v1-api-numpy-norm__r1,mistral,codestral-2508,api-numpy-norm,baseline,1,512,,complete,stop,200,,43,36,4.53e-05,2.483,pass,fail,pass,not_detected,not_applicable,,f0033c40bf35463da83fe45e50720996,2026-10-02T09:00:26.300614Z,2026-10-02__codestral-2508__baseline__api__docground-api-pilot-candidate-v1-api-numpy-norm__r1,644ebef89d4967b3637c9e0cf7c1de9360eea288f21e7f208335602aa29d8a44,32c484cfd2cee0bd9d6bb5ac814881f6715ba56233299b1ef8c702373c2d8134,raw/2026-10-02__codestral-2508__baseline__api__docground-api-pilot-candidate-v1-api-numpy-norm__r1/run_manifest.json,raw/2026-10-02__codestral-2508__baseline__api__docground-api-pilot-candidate-v1-api-numpy-norm__r1/evaluation.json,raw/2026-10-02__codestral-2508__baseline__api__docground-api-pilot-candidate-v1-api-numpy-norm__r1/response.txt
2026-10-02__codestral-2508__baseline__api__docground-api-pilot-candidate-v1-api-numpy-reshape__r1,mistral,codestral-2508,api-numpy-reshape,baseline,1,512,,transport_or_parse_error,,,URLError,,,,0.001,not_run,not_run,not_run,not_run,not_applicable,,,2026-10-02T09:00:35.199258Z,2026-10-02__codestral-2508__baseline__api__docground-api-pilot-candidate-v1-api-numpy-reshape__r1,,70d73a9cb7833510677bc641112e41d749a2e77d6f1d4c7c5a7c80352d636b03,raw/2026-10-02__codestral-2508__baseline__api__docground-api-pilot-candidate-v1-api-numpy-reshape__r1/run_manifest.json,raw/2026-10-02__codestral-2508__baseline__api__docground-api-pilot-candidate-v1-api-numpy-reshape__r1/evaluation.json,raw/2026-10-02__codestral-2508__baseline__api__docground-api-pilot-candidate-v1-api-numpy-reshape__r1/response.txt
2026-10-02__codestral-2508__baseline__api__docground-api-pilot-candidate-v1-api-numpy-reshape__r1__a2,mistral,codestral-2508,api-numpy-reshape,baseline,2,512,,complete,stop,200,,69,61,7.56e-05,4.279,pass,pass,pass,not_detected,not_applicable,,683a0eca0a1a4d1a88a4331194975ecf,2026-10-02T09:00:35.886015Z,2026-10-02__codestral-2508__baseline__api__docground-api-pilot-candidate-v1-api-numpy-reshape__r1__a2,42136abb2b6238324aa879bad7bad0edf9d67b30910c905574264e531fc16039,70d73a9cb7833510677bc641112e41d749a2e77d6f1d4c7c5a7c80352d636b03,raw/2026-10-02__codestral-2508__baseline__api__docground-api-pilot-candidate-v1-api-numpy-reshape__r1__a2/run_manifest.json,raw/2026-10-02__codestral-2508__baseline__api__docground-api-pilot-candidate-v1-api-numpy-reshape__r1__a2/evaluation.json,raw/2026-10-02__codestral-2508__baseline__api__docground-api-pilot-candidate-v1-api-numpy-reshape__r1__a2/response.txt
2026-10-02__codestral-2508__baseline__api__docground-api-pilot-candidate-v1-api-pandas-groupby__r1,mistral,codestral-2508,api-pandas-groupby,baseline,1,512,,complete,stop,200,,62,58,7.08e-05,3.751,pass,pass,pass,not_detected,not_applicable,,f44803c697a84986b229bc3578eb03ac,2026-10-02T09:00:00Z,2026-10-02__codestral-2508__baseline__api__docground-api-pilot-candidate-v1-api-pandas-groupby__r1,c71c1d2ad9c44c7cebc185aa728138296e62511b8f57e18acefe0664c08f3ff5,d736ddf801061f0b6244dfd95fd6594e6835bb2da14d2003a9c03ca34b84737d,raw/2026-10-02__codestral-2508__baseline__api__docground-api-pilot-candidate-v1-api-pandas-groupby__r1/run_manifest.json,raw/2026-10-02__codestral-2508__baseline__api__docground-api-pilot-candidate-v1-api-pandas-groupby__r1/evaluation.json,raw/2026-10-02__codestral-2508__baseline__api__docground-api-pilot-candidate-v1-api-pandas-groupby__r1/response.txt
2026-10-02__codestral-2508__baseline__api__docground-api-pilot-candidate-v1-api-pandas-merge__r1,mistral,codestral-2508,api-pandas-merge,baseline,1,512,,incomplete_response,length,200,,60,512,0.0004788,3.481,fail,not_run,not_run,not_run,not_run,,9a12cd29fe9b4b02bd2438f8dd2de330,2026-10-02T09:00:14.605100Z,2026-10-02__codestral-2508__baseline__api__docground-api-pilot-candidate-v1-api-pandas-merge__r1,142406e004bfc4242ab8a4cbd8fe417ae53ffa0c86a9022e5278f3a30cebb034,148a2ee14ec59549fa9d874140b6e66d5c92a3b5d8b64bd8d95d88fe064a268e,raw/2026-10-02__codestral-2508__baseline__api__docground-api-pilot-candidate-v1-api-pandas-merge__r1/run_manifest.json,raw/2026-10-02__codestral-2508__baseline__api__docground-api-pilot-candidate-v1-api-pandas-merge__r1/evaluation.json,raw/2026-10-02__codestral-2508__baseline__api__docground-api-pilot-candidate-v1-api-pandas-merge__r1/response.txt
2026-10-02__codestral-2508__baseline__api__docground-api-pilot-candidate-v1-api-requests-get-json__r1,mistral,codestral-2508,api-requests-get-json,baseline,1,512,,complete,stop,200,,70,42,5.88e-05,4.24,pass,pass,pass,not_detected,not_applicable,,452f68b710a649de8852ad8fa2b674ff,2026-10-02T09:00:48.212310Z,2026-10-02__codestral-2508__baseline__api__docground-api-pilot-candidate-v1-api-requests-get-json__r1,b3ae9e3f76941b9956443b6663b50f0c835a432d764c7df871c603b088c9cae3,bfb0de9a2362a39b73c9c0fe94bdcbc7ac9938e9cb19665a03dfd1cab6bf6cf2,raw/2026-10-02__codestral-2508__baseline__api__docground-api-pilot-candidate-v1-api-requests-get-json__r1/run_manifest.json,raw/2026-10-02__codestral-2508__baseline__api__docground-api-pilot-candidate-v1-api-requests-get-json__r1/evaluation.json,raw/2026-10-02__codestral-2508__baseline__api__docground-api-pilot-candidate-v1-api-requests-get-json__r1/response.txt
2026-10-02__codestral-2508__baseline__api__docground-api-pilot-candidate-v1-api-requests-post-json__r1,mistral,codestral-2508,api-requests-post-json,baseline,1,512,,complete,stop,200,,78,41,6.03e-05,2.39,pass,pass,pass,not_detected,not_applicable,,d2fb4f9765e740178790f724fcdda541,2026-10-02T09:00:59.783100Z,2026-10-02__codestral-2508__baseline__api__docground-api-pilot-candidate-v1-api-requests-post-json__r1,b01cf352012623fae4dfc2f40fab6acfda7741a1a6be7488f456cd4336431300,af271d85fb20215c8113efae8ee5c1d3bf3505b4ced9da57ca48b13c5bd175cf,raw/2026-10-02__codestral-2508__baseline__api__docground-api-pilot-candidate-v1-api-requests-post-json__r1/run_manifest.json,raw/2026-10-02__codestral-2508__baseline__api__docground-api-pilot-candidate-v1-api-requests-post-json__r1/evaluation.json,raw/2026-10-02__codestral-2508__baseline__api__docground-api-pilot-candidate-v1-api-requests-post-json__r1/response.txt
2026-10-02__codestral-2508__shifted_baseline__api__docground-api-pilot-candidate-v1-api-numpy-norm__r1,mistral,codestral-2508,api-numpy-norm,shifted_baseline,1,512,,complete,stop,200,,61,44,5.79e-05,1.591,pass,fail,pass,suspected,pass,,f5b27ff2f13c46f8881d25448fa9cda6,2026-10-02T09:00:29.624052Z,2026-10-02__codestral-2508__shifted_baseline__api__docground-api-pilot-candidate-v1-api-numpy-norm__r1,644ebef89d4967b3637c9e0cf7c1de9360eea288f21e7f208335602aa29d8a44,0fd96b182347686af0f378acae420137913e5b1d5a86db0603082f6e4689396d,raw/2026-10-02__codestral-2508__shifted_baseline__api__docground-api-pilot-candidate-v1-api-numpy-norm__r1/run_manifest.json,raw/2026-10-02__codestral-2508__shifted_baseline__api__docground-api-pilot-candidate-v1-api-numpy-norm__r1/evaluation.json,raw/2026-10-02__codestral-2508__shifted_baseline__api__docground-api-pilot-candidate-v1-api-numpy-norm__r1/response.txt
2026-10-02__codestral-2508__shifted_baseline__api__docground-api-pilot-candidate-v1-api-numpy-reshape__r1,mistral,codestral-2508,api-numpy-reshape,shifted_baseline,1,512,,complete,stop,200,,53,64,7.35e-05,3.28,pass,pass,pass,not_detected,fail,,55218ef351964e01b15b3efc4d169f43,2026-10-02T09:00:40.604691Z,2026-10-02__codestral-2508__shifted_baseline__api__docground-api-pilot-candidate-v1-api-numpy-reshape__r1,bdb0a25c965baf58bcfaf6d7926e135e53d498137311e8d2cb56c0b878152c11,365e1d8b8a8d46eaf12aa33842d367328e138d9487e71daedcc99ee0759abb22,raw/2026-10-02__codestral-2508__shifted_baseline__api__docground-api-pilot-candidate-v1-api-numpy-reshape__r1/run_manifest.json,raw/2026-10-02__codestral-2508__shifted_baseline__api__docground-api-pilot-candidate-v1-api-numpy-reshape__r1/evaluation.json,raw/2026-10-02__codestral-2508__shifted_baseline__api__docground-api-pilot-candidate-v1-api-numpy-reshape__r1/response.txt
2026-10-02__codestral-2508__shifted_baseline__api__docground-api-pilot-candidate-v1-api-pandas-groupby__r1,mistral,codestral-2508,api-pandas-groupby,shifted_baseline,1,512,,complete,stop,200,,59,52,6.45e-05,4.368,pass,fail,pass,not_detected,pass,,4b459088d29f41acbb857db974a6da24,2026-10-02T09:00:04.282506Z,2026-10-02__codestral-2508__shifted_baseline__api__docground-api-pilot-candidate-v1-api-pandas-groupby__r1,831b887cfde9526d989a01a206191a2f22e13776f4d0258ad27fac213791089e,29687cd6f8f316148459d059058a88a44f31728fa5c4800e9185c7329956d323,raw/2026-10-02__codestral-2508__shifted_baseline__api__docground-api-pilot-candidate-v1-api-pandas-groupby__r1/run_manifest.json,raw/2026-10-02__codestral-2508__shifted_baseline__api__docground-api-pilot-candidate-v1-api-pandas-groupby__r1/evaluation.json,raw/2026-10-02__codestral-2508__shifted_baseline__api__docground-api-pilot-candidate-v1-api-pandas-groupby__r1/response.txt
2026-10-02__codestral-2508__shifted_baseline__api__docground-api-pilot-candidate-v1-api-pandas-merge__r1,mistral,codestral-2508,api-pandas-merge,shifted_baseline,1,512,,complete,stop,200,,60,89,9.81e-05,4.349,pass,pass,pass,not_detected,pass,,a5d8a9e2ddfb4a4da7754be0c98a23ca,2026-10-02T09:00:18.707037Z,2026-10-02__codestral-2508__shifted_baseline__api__docground-api-pilot-candidate-v1-api-pandas-merge__r1,3f47b80f1b5d255d8c794996d3e0ab7574720da9ecf2759436af7e07598dddd8,d7e9048a7328e575662bfc962fddc5dbdf96fab639a9d68ee4fc532ae5d58654,raw/2026-10-02__codestral-2508__shifted_baseline__api__docground-api-pilot-candidate-v1-api-pandas-merge__r1/run_manifest.json,raw/2026-10-02__codestral-2508__shifted_baseline__api__docground-api-pilot-candidate-v1-api-pandas-merge__r1/evaluation.json,raw/2026-10-02__codestral-2508__shifted_baseline__api__docground-api-pilot-candidate-v1-api-pandas-merge__r1/response.txt
2026-10-02__codestral-2508__shifted_baseline__api__docground-api-pilot-candidate-v1-api-requests-get-json__r1,mistral,codestral-2508,api-requests-get-json,shifted_baseline,1,512,,complete,stop,200,,66,57,7.11e-05,3.629,pass,fail,pass,not_detected,pass,,41fdb32ed6154429a060d72e521df547,2026-10-02T09:00:53.275358Z,2026-10-02__codestral-2508__shifted_baseline__api__docground-api-pilot-candidate-v1-api-requests-get-json__r1,87052af6bea57ed34a3431a692ee159989f8e88afed21aba6bde317efcd4c6bb,b191fed143a9395141944e39c9feac172bfe25a5e50aba0934690ea740ad5ff6,raw/2026-10-02__codestral-2508__shifted_baseline__api__docground-api-pilot-candidate-v1-api-requests-get-json__r1/run_manifest.json,raw/2026-10-02__codestral-2508__shifted_baseline__api__docground-api-pilot-candidate-v1-api-requests-get-json__r1/evaluation.json,raw/2026-10-02__codestral-2508__shifted_baseline__api__docground-api-pilot-candidate-v1-api-requests-get-json__r1/response.txt
2026-10-02__codestral-2508__shifted_baseline__api__docground-api-pilot-candidate-v1-api-requests-post-json__r1,mistral,codestral-2508,api-requests-post-json,shifted_baseline,1,512,,complete,stop,200,,84,110,0.0001242,3.486,pass,pass,pass,not_detected,fail,,e0630ac46b3d4fe094b4ba3e521a4ea0,2026-10-02T09:01:02.571124Z,2026-10-02__codestral-2508__shifted_baseline__api__docground-api-pilot-candidate-v1-api-requests-post-json__r1,88868cc151e11664de61474987ed7080cc3e16c8e8fa2a0fce54748b4bed4a1b,e0697861211b97ac02944f57f38ec3b98e2e5fa2150f5bfedc11fd089752b77e,raw/2026-10-02__codestral-2508__shifted_baseline__api__docground-api-pilot-candidate-v1-api-requests-post-json__r1/run_manifest.json,raw/2026-10-02__codestral-2508__shifted_baseline__api__docground-api-pilot-candidate-v1-api-requests-post-json__r1/evaluation.json,raw/2026-10-02__codestral-2508__shifted_baseline__api__docground-api-pilot-candidate-v1-api-requests-post-json__r1/response.txt
2026-10-02__codestral-2508__shifted_docground__api__docground-api-pilot-candidate-v1-api-numpy-norm__r1,mistral,codestral-2508,api-numpy-norm,shifted_docground,1,512,,complete,stop,200,,299,34,0.0001203,2.722,pass,pass,pass,not_detected,fail,,542820ab1cec4bc48fc0c9713f987b9e,2026-10-02T09:00:31.604645Z,2026-10-02__codestral-2508__shifted_docground__api__docground-api-pilot-candidate-v1-api-numpy-norm__r1,113b0c22b5cf24d37512017543f0b6cee132f6dba75349fe519cf57058166467,c1bb52eb1d5b4c4108d4595cc69a590e748de48d67ed6de162e420ab0ac0e5fa,raw/2026-10-02__codestral-2508__shifted_docground__api__docground-api-pilot-candidate-v1-api-numpy-norm__r1/run_manifest.json,raw/2026-10-02__codestral-2508__shifted_docground__api__docground-api-pilot-candidate-v1-api-numpy-norm__r1/evaluation.json,raw/2026-10-02__codestral-2508__shifted_docground__api__docground-api-pilot-candidate-v1-api-numpy-norm__r1/response.txt
2026-10-02__codestral-2508__shifted_docground__api__docground-api-pilot-candidate-v1-api-numpy-reshape__r1,mistral,codestral-2508,api-numpy-reshape,shifted_docground,1,512,,complete,stop,200,,306,45,0.0001323,3.258,pass,pass,pass,not_detected,pass,,484d0cfb51554466b9e5510c68e8d465,2026-10-02T09:00:44.547308Z,2026-10-02__codestral-2508__shifted_docground__api__docground-api-pilot-candidate-v1-api-numpy-reshape__r1,b6554b651d6b26090fcdce6cd7d77ae95fa9b6cffca121da0e4e996b72cadb5e,8fa29cfe0ea312c63b54740eaea00742b5be8882e4a3f04b0f6bd71e3c8b030b,raw/2026-10-02__codestral-2508__shifted_docground__api__docground-api-pilot-candidate-v1-api-numpy-reshape__r1/run_manifest.json,raw/2026-10-02__codestral-2508__shifted_docground__api__docground-api-pilot-candidate-v1-api-numpy-reshape__r1/evaluation.json,raw/2026-10-02__codestral-2508__shifted_docground__api__docground-api-pilot-candidate-v1-api-numpy-reshape__r1/response.txt
2026-10-02__codestral-2508__shifted_docground__api__docground-api-pilot-candidate-v1-api-pandas-groupby__r1,mistral,codestral-2508,api-pandas-groupby,shifted_docground,1,512,,complete,stop,200,,438,45,0.0001719,4.421,pass,pass,pass,not_detected,pass,,784e19864b634325aad69d40daa51148,2026-10-02T09:00:09.304524Z,2026-10-02__codestral-2508__shifted_docground__api__docground-api-pilot-candidate-v1-api-pandas-groupby__r1,c71c1d2ad9c44c7cebc185aa728138296e62511b8f57e18acefe0664c08f3ff5,b7df652d0e248752289ec88e659e53554cec268be6012641881bdd360ae10e35,raw/2026-10-02__codestral-2508__shifted_docground__api__docground-api-pilot-candidate-v1-api-pandas-groupby__r1/run_manifest.json,raw/2026-10-02__codestral-2508__shifted_docground__api__docground-api-pilot-candidate-v1-api-pandas-groupby__r1/evaluation.json,raw/2026-10-02__codestral-2508__shifted_docground__api__docground-api-pilot-candidate-v1-api-pandas-groupby__r1/response.txt
2026-10-02__codestral-2508__shifted_docground__api__docground-api-pilot-candidate-v1-api-pandas-merge__r1,mistral,codestral-2508,api-pandas-merge,shifted_docground,1,512,,complete,stop,200,,434,77,0.0001995,1.813,pass,pass,pass,not_detected,fail,,6b49d7f8b7024280ae6c0e375c2caa0f,2026-10-02T09:00:23.748795Z,2026-10-02__codestral-2508__shifted_docground__api__docground-api-pilot-candidate-v1-api-pandas-merge__r1,a1fad0a9764c7fe82b63c7ab885eca25102465e689155bbb1571bfda186c0a32,7cb093b0a11d6682d6d8cc45e691e0cc21d90e21d6eb1b1bf2df9e4008c1da0d,raw/2026-10-02__codestral-2508__shifted_docground__api__docground-api-pilot-candidate-v1-api-pandas-merge__r1/run_manifest.json,raw/2026-10-02__codestral-2508__shifted_docground__api__docground-api-pilot-candidate-v1-api-pandas-merge__r1/evaluation.json,raw/2026-10-02__codestral-2508__shifted_docground__api__docground-api-pilot-candidate-v1-api-pandas-merge__r1/response.txt
2026-10-02__codestral-2508__shifted_docground__api__docground-api-pilot-candidate-v1-api-requests-get-json__r1,mistral,codestral-2508,api-requests-get-json,shifted_docground,1,512,,complete,stop,200,,276,56,0.0001332,1.938,pass,pass,pass,not_detected,pass,,1a2499a089b94e0c872004a9c4e0c8f4,2026-10-02T09:00:57.352941Z,2026-10-02__codestral-2508__shifted_docground__api__docground-api-pilot-candidate-v1-api-requests-get-json__r1,b3ae9e3f76941b9956443b6663b50f0c835a432d764c7df871c603b088c9cae3,143203aa2b8ac09b80be42b4c406f3784ce7c4cdc97522c1aeab0d3f4d0b7a76,raw/2026-10-02__codestral-2508__shifted_docground__api__docground-api-pilot-candidate-v1-api-requests-get-json__r1/run_manifest.json,raw/2026-10-02__codestral-2508__shifted_docground__api__docground-api-pilot-candidate-v1-api-requests-get-json__r1/evaluation.json,raw/2026-10-02__codestral-2508__shifted_docground__api__docground-api-pilot-candidate-v1-api-requests-get-json__r1/response.txt
2026-10-02__codestral-2508__shifted_docground__api__docground-api-pilot-candidate-v1-api-requests-post-json__r1,mistral,codestral-2508,api-requests-post-json,shifted_docground,1,512,,complete,stop,200,,276,66,0.0001422,2.988,pass,pass,pass,not_detected,pass,,19a2a30a6df743479b3fee31ca83a47f,2026-10-02T09:01:06.750253Z,2026-10-02__codestral-2508__shifted_docground__api__docground-api-pilot-candidate-v1-api-requests-post-json__r1,b01cf352012623fae4dfc2f40fab6acfda7741a1a6be7488f456cd4336431300,767d8f8536322066b1d65038617d687a830fcd2df5b8b3fbab71b346eaadd129,raw/2026-10-02__codestral-2508__shifted_docground__api__docground-api-pilot-candidate-v1-api-requests-post-json__r1/run_manifest.json,raw/2026-10-02__codestral-2508__shifted_docground__api__docground-api-pilot-candidate-v1-api-requests-post-json__r1/evaluation.json,raw/2026-10-02__codestral-2508__shifted_docground__api__docground-api-pilot-candidate-v1-api-requests-post-json__r1/response.txt
2026-10-02__deepseek-flash__baseline__api__docground-api-pilot-candidate-v1-api-numpy-norm__r1,deepseek,deepseek-flash,api-numpy-norm,baseline,1,512,,complete,stop,200,,44,40,6.12e-05,4.189,pass,pass,pass,not_detected,not_applicable,,27784a16-c626-4974-8d08-b913696b4a6d,2026-10-02T09:01:40.476344Z,2026-10-02__deepseek-flash__baseline__api__docground-api-pilot-candidate-v1-api-numpy-norm__r1,d44edd7f6db41e53da4f5690a4906406966b0c1f1e11f5111501f5dbe92d667c,32c484cfd2cee0bd9d6bb5ac814881f6715ba56233299b1ef8c702373c2d8134,raw/2026-10-02__deepseek-flash__baseline__api__docground-api-pilot-candidate-v1-api-numpy-norm__r1/run_manifest.json,raw/2026-10-02__deepseek-flash__baseline__api__docground-api-pilot-candidate-v1-api-numpy-norm__r1/evaluation.json,raw/2026-10-02__deepseek-flash__baseline__api__docground-api-pilot-candidate-v1-api-numpy-norm__r1/response.txt
2026-10-02__deepseek-flash__baseline__api__docground-api-pilot-candidate-v1-api-numpy-reshape__r1,deepseek,deepseek-flash,api-numpy-reshape,baseline,1,512,,complete,stop,200,,55,41,6.57e-05,2.324,pass,pass,pass,not_detected,not_applicable,,52a2209f-bdf0-470e-8c30-e8933571df1d,2026-10-02T09:01:53.889218Z,2026-10-02__deepseek-flash__baseline__api__docground-api-pilot-candidate-v1-api-numpy-reshape__r1,42136abb2b6238324aa879bad7bad0edf9d67b30910c905574264e531fc16039,70d73a9cb7833510677bc641112e41d749a2e77d6f1d4c7c5a7c80352d636b03,raw/2026-10-02__deepseek-flash__baseline__api__docground-api-pilot-candidate-v1-api-numpy-reshape__r1/run_manifest.json,raw/2026-10-02__deepseek-flash__baseline__api__docground-api-pilot-candidate-v1-api-numpy-reshape__r1/evaluation.json,raw/2026-10-02__deepseek-flash__baseline__api__docground-api-pilot-candidate-v1-api-numpy-reshape__r1/response.txt
2026-10-02__deepseek-flash__baseline__api__docground-api-pilot-candidate-v1-api-pandas-groupby__r1,deepseek,deepseek-flash,api-pandas-groupby,baseline,1,512,,complete,stop,200,,56,75,0.0001068,3.582,pass,pass,pass,not_detected,not_applicable,,0513b2e9-8a27-491d-9fa0-e68a109d0ba5,2026-10-02T09:01:10.229583Z,2026-10-02__deepseek-flash__baseline__api__docground-api-pilot-candidate-v1-api-pandas-groupby__r1,54b75e7fe55106dc87b62fdbf6c8671865c379472aff6c926193b4a2d3f3a0ef,d736ddf801061f0b6244dfd95fd6594e6835bb2da14d2003a9c03ca34b84737d,raw/2026-10-02__deepseek-flash__baseline__api__docground-api-pilot-candidate-v1-api-pandas-groupby__r1/run_manifest.json,raw/2026-10-02__deepseek-flash__baseline__api__docground-api-pilot-candidate-v1-api-pandas-groupby__r1/evaluation.json,raw/2026-10-02__deepseek-flash__baseline__api__docground-api-pilot-candidate-v1-api-pandas-groupby__r1/response.txt
2026-10-02__deepseek-flash__baseline__api__docground-api-pilot-candidate-v1-api-pandas-merge__r1,deepseek,deepseek-flash,api-pandas-merge,baseline,1,512,,complete,stop,200,,60,85,0.00012,5.692,pass,pass,pass,not_detected,not_applicable,,f7b0af11-e2ee-4cc3-94c6-2e617c76d78a,2026-10-02T09:01:26.625215Z,2026-10-02__deepseek-flash__baseline__api__docground-api-pilot-candidate-v1-api-pandas-merge__r1,3f47b80f1b5d255d8c794996d3e0ab7574720da9ecf2759436af7e07598dddd8,148a2ee14ec59549fa9d874140b6e66d5c92a3b5d8b64bd8d95d88fe064a268e,raw/2026-10-02__deepseek-flash__baseline__api__docground-api-pilot-candidate-v1-api-pandas-merge__r1/run_manifest.json,raw/2026-10-02__deepseek-flash__baseline__api__docground-api-pilot-candidate-v1-api-pandas-merge__r1/evaluation.json,raw/2026-10-02__deepseek-flash__baseline__api__docground-api-pilot-candidate-v1-api-pandas-merge__r1/response.txt
2026-10-02__deepseek-flash__baseline__api__docground-api-pilot-candidate-v1-api-requests-get-json__r1,deepseek,deepseek-flash,api-requests-get-json,baseline,1,512,,complete,stop,200,,72,59,9.24e-05,3.565,pass,pass,pass,not_detected,not_applicable,,e8788f06-5c80-42f9-8240-0280171dda66,2026-10-02T09:02:06.226223Z,2026-10-02__deepseek-flash__baseline__api__docground-api-pilot-candidate-v1-api-requests-get-json__r1,b3ae9e3f76941b9956443b6663b50f0c835a432d764c7df871c603b088c9cae3,bfb0de9a2362a39b73c9c0fe94bdcbc7ac9938e9cb19665a03dfd1cab6bf6cf2,raw/2026-10-02__deepseek-flash__baseline__api__docground-api-pilot-candidate-v1-api-requests-get-json__r1/run_manifest.json,raw/2026-10-02__deepseek-flash__baseline__api__docground-api-pilot-candidate-v1-api-requests-get-json__r1/evaluation.json,raw/2026-10-02__deepseek-flash__baseline__api__docground-api-pilot-candidate-v1-api-requests-get-json__r1/response.txt
2026-10-02__deepseek-flash__baseline__api__docground-api-pilot-candidate-v1-api-requests-post-json__r1,deepseek,deepseek-flash,api-requests-post-json,baseline,1,512,,complete,stop,200,,78,46,7.86e-05,3.929,pass,pass,pass,not_detected,not_applicable,,2602ecd3-15eb-4a3f-aeab-a3fe6ffc5622,2026-10-02T09:02:17.980171Z,2026-10-02__deepseek-flash__baseline__api__docground-api-pilot-candidate-v1-api-requests-post-json__r1,b01cf352012623fae4dfc2f40fab6acfda7741a1a6be7488f456cd4336431300,af271d85fb20215c8113efae8ee5c1d3bf3505b4ced9da57ca48b13c5bd175cf,raw/2026-10-02__deepseek-flash__baseline__api__docground-api-pilot-candidate-v1-api-requests-post-json__r1/run_manifest.json,raw/2026-10-02__deepseek-flash__baseline__api__docground-api-pilot-candidate-v1-api-requests-post-json__r1/evaluation.json,raw/2026-10-02__deepseek-flash__baseline__api__docground-api-pilot-candidate-v1-api-requests-post-json__r1/response.txt
2026-10-02__deepseek-flash__shifted_baseline__api__docground-api-pilot-candidate-v1-api-numpy-norm__r1,deepseek,deepseek-flash,api-numpy-norm,shifted_baseline,1,512,,transport_or_parse_error,,,URLError,,,,0.001,not_run,not_run,not_run,not_run,not_applicable,,,2026-10-02T09:01:45.435309Z,2026-10-02__deepseek-flash__shifted_baseline__api__docground-api-pilot-candidate-v1-api-numpy-norm__r1,,0fd96b182347686af0f378acae420137913e5b1d5a86db0603082f6e4689396d,raw/2026-10-02__deepseek-flash__shifted_baseline__api__docground-api-pilot-candidate-v1-api-numpy-norm__r1/run_manifest.json,raw/2026-10-02__deepseek-flash__shifted_baseline__api__docground-api-pilot-candidate-v1-api-numpy-norm__r1/evaluation.json,raw/2026-10-02__deepseek-flash__shifted_baseline__api__docground-api-pilot-candidate-v1-api-numpy-norm__r1/response.txt
2026-10-02__deepseek-flash__shifted_baseline__api__docground-api-pilot-candidate-v1-api-numpy-norm__r1__a2,deepseek,deepseek-flash,api-numpy-norm,shifted_baseline,2,512,,complete,stop,200,,63,32,5.73e-05,3.961,pass,pass,pass,not_detected,fail,,eefed776-f973-4d54-a78b-ed022547abd2,2026-10-02T09:01:46.104267Z,2026-10-02__deepseek-flash__shifted_baseline__api__docground-api-pilot-candidate-v1-api-numpy-norm__r1__a2,113b0c22b5cf24d37512017543f0b6cee132f6dba75349fe519cf57058166467,0fd96b182347686af0f378acae420137913e5b1d5a86db0603082f6e4689396d,raw/2026-10-02__deepseek-flash__shifted_baseline__api__docground-api-pilot-candidate-v1-api-numpy-norm__r1__a2/run_manifest.json,raw/2026-10-02__deepseek-flash__shifted_baseline__api__docground-api-pilot-candidate-v1-api-numpy-norm__r1__a2/evaluation.json,raw/2026-10-02__deepseek-flash__shifted_baseline__api__docground-api-pilot-candidate-v1-api-numpy-norm__r1__a2/response.txt
2026-10-02__deepseek-flash__shifted_baseline__api__docground-api-pilot-candidate-v1-api-numpy-reshape__r1,deepseek,deepseek-flash,api-numpy-reshape,shifted_baseline,1,512,,complete,stop,200,,55,52,7.89e-05,3.679,pass,pass,pass,not_detected,fail,,a961bdf0-4637-4766-8f92-75c3b65a8bae,2026-10-02T09:01:57.158060Z,2026-10-02__deepseek-flash__shifted_baseline__api__docground-api-pilot-candidate-v1-api-numpy-reshape__r1,bdb0a25c965baf58bcfaf6d7926e135e53d498137311e8d2cb56c0b878152c11,365e1d8b8a8d46eaf12aa33842d367328e138d9487e71daedcc99ee0759abb22,raw/2026-10-02__deepseek-flash__shifted_baseline__api__docground-api-pilot-candidate-v1-api-numpy-reshape__r1/run_manifest.json,raw/2026-10-02__deepseek-flash__shifted_baseline__api__docground-api-pilot-candidate-v1-api-numpy-reshape__r1/evaluation.json,raw/2026-10-02__deepseek-flash__shifted_baseline__api__docground-api-pilot-candidate-v1-api-numpy-reshape__r1/response.txt
2026-10-02__deepseek-flash__shifted_baseline__api__docground-api-pilot-candidate-v1-api-pandas-groupby__r1,deepseek,deepseek-flash,api-pandas-groupby,shifted_baseline,1,512,,complete,stop,200,,68,45,7.44e-05,5.656,pass,fail,pass,suspected,pass,,0bdde026-7407-4283-bbe4-c0f59a7bff46,2026-10-02T09:01:14.471862Z,2026-10-02__deepseek-flash__shifted_baseline__api__docground-api-pilot-candidate-v1-api-pandas-groupby__r1,831b887cfde9526d989a01a206191a2f22e13776f4d0258ad27fac213791089e,29687cd6f8f316148459d059058a88a44f31728fa5c4800e9185c7329956d323,raw/2026-10-02__deepseek-flash__shifted_baseline__api__docground-api-pilot-candidate-v1-api-pandas-groupby__r1/run_manifest.json,raw/2026-10-02__deepseek-flash__shifted_baseline__api__docground-api-pilot-candidate-v1-api-pandas-groupby__r1/evaluation.json,raw/2026-10-02__deepseek-flash__shifted_baseline__api__docground-api-pilot-candidate-v1-api-pandas-groupby__r1/response.txt
2026-10-02__deepseek-flash__shifted_baseline__api__docground-api-pilot-candidate-v1-api-pandas-merge__r1,deepseek,deepseek-flash,api-pandas-merge,shifted_baseline,1,512,,complete,stop,200,,76,64,9.96e-05,2.828,pass,pass,pass,not_detected,pass,,aad3f8d4-1fcc-43ed-9845-bf3169c8ffc3,2026-10-02T09:01:33.054538Z,2026-10-02__deepseek-flash__shifted_baseline__api__docground-api-pilot-candidate-v1-api-pandas-merge__r1,3f47b80f1b5d255d8c794996d3e0ab7574720da9ecf2759436af7e07598dddd8,d7e9048a7328e575662bfc962fddc5dbdf96fab639a9d68ee4fc532ae5d58654,raw/2026-10-02__deepseek-flash__shifted_baseline__api__docground-api-pilot-candidate-v1-api-pandas-merge__r1/run_manifest.json,raw/2026-10-02__deepseek-flash__shifted_baseline__api__docground-api-pilot-candidate-v1-api-pandas-merge__r1/evaluation.json,raw/2026-10-02__deepseek-flash__shifted_baseline__api__docground-api-pilot-candidate-v1-api-pandas-merge__r1/response.txt
2026-10-02__deepseek-flash__shifted_baseline__api__docground-api-pilot-candidate-v1-api-requests-get-json__r1,deepseek,deepseek-flash,api-requests-get-json,shifted_baseline,1,512,,complete,stop,200,,69,45,7.47e-05,2.753,pass,pass,pass,not_detected,pass,,9791ee18-567a-4075-9ac5-46d3ca570c3d,2026-10-02T09:02:10.418556Z,2026-10-02__deepseek-flash__shifted_baseline__api__docground-api-pilot-candidate-v1-api-requests-get-json__r1,b3ae9e3f76941b9956443b6663b50f0c835a432d764c7df871c603b088c9cae3,b191fed143a9395141944e39c9feac172bfe25a5e50aba0934690ea740ad5ff6,raw/2026-10-02__deepseek-flash__shifted_baseline__api__docground-api-pilot-candidate-v1-api-requests-get-json__r1/run_manifest.json,raw/2026-10-02__deepseek-flash__shifted_baseline__api__docground-api-pilot-candidate-v1-api-requests-get-json__r1/evaluation.json,raw/2026-10-02__deepseek-flash__shifted_baseline__api__docground-api-pilot-candidate-v1-api-requests-get-json__r1/response.txt
2026-10-02__deepseek-flash__shifted_baseline__api__docground-api-pilot-candidate-v1-api-requests-post-json__r1,deepseek,deepseek-flash,api-requests-post-json,shifted_baseline,1,512,,complete,stop,200,,69,54,8.55e-05,4.182,pass,pass,pass,not_detected,pass,,551353e7-d7f8-47c4-98bc-1eaf83f4c4ac,2026-10-02T09:02:22.791472Z,2026-10-02__deepseek-flash__shifted_baseline__api__docground-api-pilot-candidate-v1-api-requests-post-json__r1,b01cf352012623fae4dfc2f40fab6acfda7741a1a6be7488f456cd4336431300,e0697861211b97ac02944f57f38ec3b98e2e5fa2150f5bfedc11fd089752b77e,raw/2026-10-02__deepseek-flash__shifted_baseline__api__docground-api-pilot-candidate-v1-api-requests-post-json__r1/run_manifest.json,raw/2026-10-02__deepseek-flash__shifted_baseline__api__docground-api-pilot-candidate-v1-api-requests-post-json__r1/evaluation.json,raw/2026-10-02__deepseek-flash__shifted_baseline__api__docground-api-pilot-candidate-v1-api-requests-post-json__r1/response.txt
2026-10-02__deepseek-flash__shifted_docground__api__docground-api-pilot-candidate-v1-api-numpy-norm__r1,deepseek,deepseek-flash,api-numpy-norm,shifted_docground,1,512,,complete,stop,200,,302,42,0.000141,2.239,pass,pass,pass,not_detected,pass,,d24ca49e-2cb2-41fd-a318-2fc2a7f20a9e,2026-10-02T09:01:51.018834Z,2026-10-02__deepseek-flash__shifted_docground__api__docground-api-pilot-candidate-v1-api-numpy-norm__r1,74a929760064e17bddf6a2ee52e93310d886903b1ef45c0c70170afef3c45111,c1bb52eb1d5b4c4108d4595cc69a590e748de48d67ed6de162e420ab0ac0e5fa,raw/2026-10-02__deepseek-flash__shifted_docground__api__docground-api-pilot-candidate-v1-api-numpy-norm__r1/run_manifest.json,raw/2026-10-02__deepseek-flash__shifted_docground__api__docground-api-pilot-candidate-v1-api-numpy-norm__r1/evaluation.json,raw/2026-10-02__deepseek-flash__shifted_docground__api__docground-api-pilot-candidate-v1-api-numpy-norm__r1/response.txt
2026-10-02__deepseek-flash__shifted_docground__api__docground-api-pilot-candidate-v1-api-numpy-reshape__r1,deepseek,deepseek-flash,api-numpy-reshape,shifted_docground,1,512,,complete,stop,200,,303,38,0.0001365,3.731,pass,pass,pass,not_detected,pass,,1c02d9bf-309d-432c-b03d-3060e7f3873f,2026-10-02T09:02:01.521092Z,2026-10-02__deepseek-flash__shifted_docground__api__docground-api-pilot-candidate-v1-api-numpy-reshape__r1,b6554b651d6b26090fcdce6cd7d77ae95fa9b6cffca121da0e4e996b72cadb5e,8fa29cfe0ea312c63b54740eaea00742b5be8882e4a3f04b0f6bd71e3c8b030b,raw/2026-10-02__deepseek-flash__shifted_docground__api__docground-api-pilot-candidate-v1-api-numpy-reshape__r1/run_manifest.json,raw/2026-10-02__deepseek-flash__shifted_docground__api__docground-api-pilot-candidate-v1-api-numpy-reshape__r1/evaluation.json,raw/2026-10-02__deepseek-flash__shifted_docground__api__docground-api-pilot-candidate-v1-api-numpy-reshape__r1/response.txt
2026-10-02__deepseek-flash__shifted_docground__api__docground-api-pilot-candidate-v1-api-pandas-groupby__r1,deepseek,deepseek-flash,api-pandas-groupby,shifted_docground,1,512,,complete,stop,200,,439,46,0.0001869,5.112,pass,pass,pass,not_detected,pass,,d185390f-ddb9-4157-a3e5-f0419821214d,2026-10-02T09:01:21.053415Z,2026-10-02__deepseek-flash__shifted_docground__api__docground-api-pilot-candidate-v1-api-pandas-groupby__r1,c71c1d2ad9c44c7cebc185aa728138296e62511b8f57e18acefe0664c08f3ff5,b7df652d0e248752289ec88e659e53554cec268be6012641881bdd360ae10e35,raw/2026-10-02__deepseek-flash__shifted_docground__api__docground-api-pilot-candidate-v1-api-pandas-groupby__r1/run_manifest.json,raw/2026-10-02__deepseek-flash__shifted_docground__api__docground-api-pilot-candidate-v1-api-pandas-groupby__r1/evaluation.json,raw/2026-10-02__deepseek-flash__shifted_docground__api__docground-api-pilot-candidate-v1-api-pandas-groupby__r1/response.txt
2026-10-02__deepseek-flash__shifted_docground__api__docground-api-pilot-candidate-v1-api-pandas-merge__r1,deepseek,deepseek-flash,api-pandas-merge,shifted_docground,1,512,,complete,stop,200,,433,77,0.0002223,3.245,pass,pass,pass,not_detected,pass,,ea399b89-cc11-4854-be02-ce660d86a5d2,2026-10-02T09:01:36.791204Z,2026-10-02__deepseek-flash__shifted_docground__api__docground-api-pilot-candidate-v1-api-pandas-merge__r1,3f47b80f1b5d255d8c794996d3e0ab7574720da9ecf2759436af7e07598dddd8,7cb093b0a11d6682d6d8cc45e691e0cc21d90e21d6eb1b1bf2df9e4008c1da0d,raw/2026-10-02__deepseek-flash__shifted_docground__api__docground-api-pilot-candidate-v1-api-pandas-merge__r1/run_manifest.json,raw/2026-10-02__deepseek-flash__shifted_docground__api__docground-api-pilot-candidate-v1-api-pandas-merge__r1/evaluation.json,raw/2026-10-02__deepseek-flash__shifted_docground__api__docground-api-pilot-candidate-v1-api-pandas-merge__r1/response.txt
2026-10-02__deepseek-flash__shifted_docground__api__docground-api-pilot-candidate-v1-api-requests-get-json__r1,deepseek,deepseek-flash,api-requests-get-json,shifted_docground,1,512,,complete,stop,200,,279,50,0.0001437,3.325,pass,pass,pass,not_detected,pass,,1a6b6116-733d-4f27-86fc-7a3438d6b692,2026-10-02T09:02:14.026679Z,2026-10-02__deepseek-flash__shifted_docground__api__docground-api-pilot-candidate-v1-api-requests-get-json__r1,b3ae9e3f76941b9956443b6663b50f0c835a432d764c7df871c603b088c9cae3,143203aa2b8ac09b80be42b4c406f3784ce7c4cdc97522c1aeab0d3f4d0b7a76,raw/2026-10-02__deepseek-flash__shifted_docground__api__docground-api-pilot-candidate-v1-api-requests-get-json__r1/run_manifest.json,raw/2026-10-02__deepseek-flash__shifted_docground__api__docground-api-pilot-candidate-v1-api-requests-get-json__r1/evaluation.json,raw/2026-10-02__deepseek-flash__shifted_docground__api__docground-api-pilot-candidate-v1-api-requests-get-json__r1/response.txt
2026-10-02__deepseek-flash__shifted_docground__api__docground-api-pilot-candidate-v1-api-requests-post-json__r1,deepseek,deepseek-flash,api-requests-post-json,shifted_docground,1,512,,complete,stop,200,,272,47,0.000138,4.927,pass,pass,pass,not_detected,pass,,9ef6888e-1bb6-41a1-a425-d346df0ea89f,2026-10-02T09:02:27.677640Z,2026-10-02__deepseek-flash__shifted_docground__api__docground-api-pilot-candidate-v1-api-requests-post-json__r1,b01cf352012623fae4dfc2f40fab6acfda7741a1a6be7488f456cd4336431300,767d8f8536322066b1d65038617d687a830fcd2df5b8b3fbab71b346eaadd129,raw/2026-10-02__deepseek-flash__shifted_docground__api__docground-api-pilot-candidate-v1-api-requests-post-json__r1/run_manifest.json,raw/2026-10-02__deepseek-flash__shifted_docground__api__docground-api-pilot-candidate-v1-api-requests-post-json__r1/evaluation.json,raw/2026-10-02__deepseek-flash__shifted_docground__api__docground-api-pilot-candidate-v1-api-requests-post-json__r1/response.txt
2026-10-02__glm-4.5-air__baseline__api__docground-api-pilot-candidate-v1-api-numpy-norm__r1,glm,glm-4.5-air,api-numpy-norm,baseline,1,512,,complete,stop,200,,40,30,4.1e-05,4.641,pass,pass,pass,not_detected,not_applicable,,202610020900003955a6ba141a46a895,2026-10-02T09:03:15.999859Z,2026-10-02__glm-4.5-air__baseline__api__docground-api-pilot-candidate-v1-api-numpy-norm__r1,d44edd7f6db41e53da4f5690a4906406966b0c1f1e11f5111501f5dbe92d667c,32c484cfd2cee0bd9d6bb5ac814881f6715ba56233299b1ef8c702373c2d8134,raw/2026-10-02__glm-4.5-air__baseline__api__docground-api-pilot-candidate-v1-api-numpy-norm__r1/run_manifest.json,raw/2026-10-02__glm-4.5-air__baseline__api__docground-api-pilot-candidate-v1-api-numpy-norm__r1/evaluation.json,raw/2026-10-02__glm-4.5-air__baseline__api__docground-api-pilot-candidate-v1-api-numpy-norm__r1/response.txt
2026-10-02__glm-4.5-air__baseline__api__docground-api-pilot-candidate-v1-api-numpy-reshape__r1,glm,glm-4.5-air,api-numpy-reshape,baseline,1,512,,transport_or_parse_error,,,URLError,,,,0.001,not_run,not_run,not_run,not_run,not_applicable,,,2026-10-02T09:03:37.105938Z,2026-10-02__glm-4.5-air__baseline__api__docground-api-pilot-candidate-v1-api-numpy-reshape__r1,,70d73a9cb7833510677bc641112e41d749a2e77d6f1d4c7c5a7c80352d636b03,raw/2026-10-02__glm-4.5-air__baseline__api__docground-api-pilot-candidate-v1-api-numpy-reshape__r1/run_manifest.json,raw/2026-10-02__glm-4.5-air__baseline__api__docground-api-pilot-candidate-v1-api-numpy-reshape__r1/evaluation.json,raw/2026-10-02__glm-4.5-air__baseline__api__docground-api-pilot-candidate-v1-api-numpy-reshape__r1/response.txt
2026-10-02__glm-4.5-air__baseline__api__docground-api-pilot-candidate-v1-api-numpy-reshape__r1__a2,glm,glm-4.5-air,api-numpy-reshape,baseline,2,512,,complete,stop,200,,54,39,5.37e-05,7.617,pass,pass,pass,not_detected,not_applicable,,20261002090000d77fa07b04fb48ad9c,2026-10-02T09:03:37.606992Z,2026-10-02__glm-4.5-air__baseline__api__docground-api-pilot-candidate-v1-api-numpy-reshape__r1__a2,42136abb2b6238324aa879bad7bad0edf9d67b30910c905574264e531fc16039,70d73a9cb7833510677bc641112e41d749a2e77d6f1d4c7c5a7c80352d636b03,raw/2026-10-02__glm-4.5-air__baseline__api__docground-api-pilot-candidate-v1-api-numpy-reshape__r1__a2/run_manifest.json,raw/2026-10-02__glm-4.5-air__baseline__api__docground-api-pilot-candidate-v1-api-numpy-reshape__r1__a2/evaluation.json,raw/2026-10-02__glm-4.5-air__baseline__api__docground-api-pilot-candidate-v1-api-numpy-reshape__r1__a2/response.txt
2026-10-02__glm-4.5-air__baseline__api__docground-api-pilot-candidate-v1-api-pandas-groupby__r1,glm,glm-4.5-air,api-pandas-groupby,baseline,1,512,,complete,stop,200,,49,53,6.81e-05,7.692,pass,pass,pass,not_detected,not_applicable,,20261002090000dde03f2307064c32ae,2026-10-02T09:02:33.464634Z,2026-10-02__glm-4.5-air__baseline__api__docground-api-pilot-candidate-v1-api-pandas-groupby__r1,c71c1d2ad9c44c7cebc185aa728138296e62511b8f57e18acefe0664c08f3ff5,d736ddf801061f0b6244dfd95fd6594e6835bb2da14d2003a9c03ca34b84737d,raw/2026-10-02__glm-4.5-air__baseline__api__docground-api-pilot-candidate-v1-api-pandas-groupby__r1/run_manifest.json,raw/2026-10-02__glm-4.5-air__baseline__api__docground-api-pilot-candidate-v1-api-pandas-groupby__r1/evaluation.json,raw/2026-10-02__glm-4.5-air__baseline__api__docground-api-pilot-candidate-v1-api-pandas-groupby__r1/response.txt
2026-10-02__glm-4.5-air__baseline__api__docground-api-pilot-candidate-v1-api-pandas-merge__r1,glm,glm-4.5-air,api-pandas-merge,baseline,1,512,,complete,stop,200,,63,79,9.95e-05,6.729,pass,pass,pass,not_detected,not_applicable,,2026100209000039231f8913ad4bdc90,2026-10-02T09:02:57.204604Z,2026-10-02__glm-4.5-air__baseline__api__docground-api-pilot-candidate-v1-api-pandas-merge__r1,3f47b80f1b5d255d8c794996d3e0ab7574720da9ecf2759436af7e07598dddd8,148a2ee14ec59549fa9d874140b6e66d5c92a3b5d8b64bd8d95d88fe064a268e,raw/2026-10-02__glm-4.5-air__baseline__api__docground-api-pilot-candidate-v1-api-pandas-merge__r1/run_manifest.json,raw/2026-10-02__glm-4.5-air__baseline__api__docground-api-pilot-candidate-v1-api-pandas-merge__r1/evaluation.json,raw/2026-10-02__glm-4.5-air__baseline__api__docground-api-pilot-candidate-v1-api-pandas-merge__r1/response.txt
2026-10-02__glm-4.5-air__baseline__api__docground-api-pilot-candidate-v1-api-requests-get-json__r1,glm,glm-4.5-air,api-requests-get-json,baseline,1,512,,complete,stop,200,,77,53,7.37e-05,6.114,pass,pass,pass,not_detected,not_applicable,,20261002090000211b648befe240e49c,2026-10-02T09:04:00.081124Z,2026-10-02__glm-4.5-air__baseline__api__docground-api-pilot-candidate-v1-api-requests-get-json__r1,b3ae9e3f76941b9956443b6663b50f0c835a432d764c7df871c603b088c9cae3,bfb0de9a2362a39b73c9c0fe94bdcbc7ac9938e9cb19665a03dfd1cab6bf6cf2,raw/2026-10-02__glm-4.5-air__baseline__api__docground-api-pilot-candidate-v1-api-requests-get-json__r1/run_manifest.json,raw/2026-10-02__glm-4.5-air__baseline__api__docground-api-pilot-candidate-v1-api-requests-get-json__r1/evaluation.json,raw/2026-10-02__glm-4.5-air__baseline__api__docground-api-pilot-candidate-v1-api-requests-get-json__r1/response.txt
2026-10-02__glm-4.5-air__baseline__api__docground-api-pilot-candidate-v1-api-requests-post-json__r1,glm,glm-4.5-air,api-requests-post-json,baseline,1,512,,incomplete_response,length,200,,85,512,0.0005802,5.609,fail,not_run,not_run,not_run,not_run,,20261002090000301b130433114a539c,2026-10-02T09:04:20.132875Z,2026-10-02__glm-4.5-air__baseline__api__docground-api-pilot-candidate-v1-api-requests-post-json__r1,d7a2a09ae07b415b4f27c6729dc7e97b19b91c875e2c129b7c63394ee0031c20,af271d85fb20215c8113efae8ee5c1d3bf3505b4ced9da57ca48b13c5bd175cf,raw/2026-10-02__glm-4.5-air__baseline__api__docground-api-pilot-candidate-v1-api-requests-post-json__r1/run_manifest.json,raw/2026-10-02__glm-4.5-air__baseline__api__docground-api-pilot-candidate-v1-api-requests-post-json__r1/evaluation.json,raw/2026-10-02__glm-4.5-air__baseline__api__docground-api-pilot-candidate-v1-api-requests-post-json__r1/response.txt
2026-10-02__glm-4.5-air__shifted_baseline__api__docground-api-pilot-candidate-v1-api-numpy-norm__r1,glm,glm-4.5-air,api-numpy-norm,shifted_baseline,1,512,,complete,stop,200,,49,30,4.28e-05,7.868,pass,fail,pass,not_detected,pass,,20261002090000668e63eaaf3842a28f,2026-10-02T09:03:21.202368Z,2026-10-02__glm-4.5-air__shifted_baseline__api__docground-api-pilot-candidate-v1-api-numpy-norm__r1,644ebef89d4967b3637c9e0cf7c1de9360eea288f21e7f208335602aa29d8a44,0fd96b182347686af0f378acae420137913e5b1d5a86db0603082f6e4689396d,raw/2026-10-02__glm-4.5-air__shifted_baseline__api__docground-api-pilot-candidate-v1-api-numpy-norm__r1/run_manifest.json,raw/2026-10-02__glm-4.5-air__shifted_baseline__api__docground-api-pilot-candidate-v1-api-numpy-norm__r1/evaluation.json,raw/2026-10-02__glm-4.5-air__shifted_baseline__api__docground-api-pilot-candidate-v1-api-numpy-norm__r1/response.txt
2026-10-02__glm-4.5-air__shifted_baseline__api__docground-api-pilot-candidate-v1-api-numpy-reshape__r1,glm,glm-4.5-air,api-numpy-reshape,shifted_baseline,1,512,,complete,stop,200,,67,54,7.28e-05,5.615,pass,pass,pass,not_detected,pass,,2026100209000008d9bd9d25f04a61b2,2026-10-02T09:03:46.067972Z,2026-10-02__glm-4.5-air__shifted_baseline__api__docground-api-pilot-candidate-v1-api-numpy-reshape__r1,b6554b651d6b26090fcdce6cd7d77ae95fa9b6cffca121da0e4e996b72cadb5e,365e1d8b8a8d46eaf12aa33842d367328e138d9487e71daedcc99ee0759abb22,raw/2026-10-02__glm-4.5-air__shifted_baseline__api__docground-api-pilot-candidate-v1-api-numpy-reshape__r1/run_manifest.json,raw/2026-10-02__glm-4.5-air__shifted_baseline__api__docground-api-pilot-candidate-v1-api-numpy-reshape__r1/evaluation.json,raw/2026-10-02__glm-4.5-air__shifted_baseline__api__docground-api-pilot-candidate-v1-api-numpy-reshape__r1/response.txt
2026-10-02__glm-4.5-air__shifted_baseline__api__docground-api-pilot-candidate-v1-api-pandas-groupby__r1,glm,glm-4.5-air,api-pandas-groupby,shifted_baseline,1,512,,complete,stop,200,,57,62,7.96e-05,7.01,pass,fail,pass,not_detected,pass,,20261002090000d8127ed7461d446597,2026-10-02T09:02:41.770186Z,2026-10-02__glm-4.5-air__shifted_baseline__api__docground-api-pilot-candidate-v1-api-pandas-groupby__r1,831b887cfde9526d989a01a206191a2f22e13776f4d0258ad27fac213791089e,29687cd6f8f316148459d059058a88a44f31728fa5c4800e9185c7329956d323,raw/2026-10-02__glm-4.5-air__shifted_baseline__api__docground-api-pilot-candidate-v1-api-pandas-groupby__r1/run_manifest.json,raw/2026-10-02__glm-4.5-air__shifted_baseline__api__docground-api-pilot-candidate-v1-api-pandas-groupby__r1/evaluation.json,raw/2026-10-02__glm-4.5-air__shifted_baseline__api__docground-api-pilot-candidate-v1-api-pandas-groupby__r1/response.txt
2026-10-02__glm-4.5-air__shifted_baseline__api__docground-api-pilot-candidate-v1-api-pandas-merge__r1,glm,glm-4.5-air,api-pandas-merge,shifted_baseline,1,512,,complete,stop,200,,72,71,9.25e-05,4.889,pass,fail,pass,not_detected,fail,,2026100209000041e5e48f9d1a42caab,2026-10-02T09:03:04.652311Z,2026-10-02__glm-4.5-air__shifted_baseline__api__docground-api-pilot-candidate-v1-api-pandas-merge__r1,2b964e784b17811b294cc9a09f95299ebdb75fb37f103b2135c2b436c8fd70d7,d7e9048a7328e575662bfc962fddc5dbdf96fab639a9d68ee4fc532ae5d58654,raw/2026-10-02__glm-4.5-air__shifted_baseline__api__docground-api-pilot-candidate-v1-api-pandas-merge__r1/run_manifest.json,raw/2026-10-02__glm-4.5-air__shifted_baseline__api__docground-api-pilot-candidate-v1-api-pandas-merge__r1/evaluation.json,raw/2026-10-02__glm-4.5-air__shifted_baseline__api__docground-api-pilot-candidate-v1-api-pandas-merge__r1/response.txt
2026-10-02__glm-4.5-air__shifted_baseline__api__docground-api-pilot-candidate-v1-api-requests-get-json__r1,glm,glm-4.5-air,api-requests-get-json,shifted_baseline,1,512,,complete,stop,200,,79,41,6.09e-05,7.068,pass,fail,pass,not_detected,pass,,202610020900004d156ae9a286443d9f,2026-10-02T09:04:07.011783Z,2026-10-02__glm-4.5-air__shifted_baseline__api__docground-api-pilot-candidate-v1-api-requests-get-json__r1,87052af6bea57ed34a3431a692ee159989f8e88afed21aba6bde317efcd4c6bb,b191fed143a9395141944e39c9feac172bfe25a5e50aba0934690ea740ad5ff6,raw/2026-10-02__glm-4.5-air__shifted_baseline__api__docground-api-pilot-candidate-v1-api-requests-get-json__r1/run_manifest.json,raw/2026-10-02__glm-4.5-air__shifted_baseline__api__docground-api-pilot-candidate-v1-api-requests-get-json__r1/evaluation.json,raw/2026-10-02__glm-4.5-air__shifted_baseline__api__docground-api-pilot-candidate-v1-api-requests-get-json__r1/response.txt
2026-10-02__glm-4.5-air__shifted_baseline__api__docground-api-pilot-candidate-v1-api-requests-post-json__r1,glm,glm-4.5-air,api-requests-post-json,shifted_baseline,1,512,,complete,stop,200,,84,41,6.19e-05,5.748,pass,pass,pass,not_detected,pass,,20261002090000dccbba01184241d4b0,2026-10-02T09:04:26.545552Z,2026-10-02__glm-4.5-air__shifted_baseline__api__docground-api-pilot-candidate-v1-api-requests-post-json__r1,b01cf352012623fae4dfc2f40fab6acfda7741a1a6be7488f456cd4336431300,e0697861211b97ac02944f57f38ec3b98e2e5fa2150f5bfedc11fd089752b77e,raw/2026-10-02__glm-4.5-air__shifted_baseline__api__docground-api-pilot-candidate-v1-api-requests-post-json__r1/run_manifest.json,raw/2026-10-02__glm-4.5-air__shifted_baseline__api__docground-api-pilot-candidate-v1-api-requests-post-json__r1/evaluation.json,raw/2026-10-02__glm-4.5-air__shifted_baseline__api__docground-api-pilot-candidate-v1-api-requests-post-json__r1/response.txt
2026-10-02__glm-4.5-air__shifted_docground__api__docground-api-pilot-candidate-v1-api-numpy-norm__r1,glm,glm-4.5-air,api-numpy-norm,shifted_docground,1,512,,complete,stop,200,,299,24,8.62e-05,6.557,pass,pass,pass,not_detected,pass,,20261002090000a161a667211c4b05af,2026-10-02T09:03:29.751879Z,2026-10-02__glm-4.5-air__shifted_docground__api__docground-api-pilot-candidate-v1-api-numpy-norm__r1,74a929760064e17bddf6a2ee52e93310d886903b1ef45c0c70170afef3c45111,c1bb52eb1d5b4c4108d4595cc69a590e748de48d67ed6de162e420ab0ac0e5fa,raw/2026-10-02__glm-4.5-air__shifted_docground__api__docground-api-pilot-candidate-v1-api-numpy-norm__r1/run_manifest.json,raw/2026-10-02__glm-4.5-air__shifted_docground__api__docground-api-pilot-candidate-v1-api-numpy-norm__r1/evaluation.json,raw/2026-10-02__glm-4.5-air__shifted_docground__api__docground-api-pilot-candidate-v1-api-numpy-norm__r1/response.txt
2026-10-02__glm-4.5-air__shifted_docground__api__docground-api-pilot-candidate-v1-api-numpy-reshape__r1,glm,glm-4.5-air,api-numpy-reshape,shifted_docground,1,512,,complete,stop,200,,296,35,9.77e-05,7.18,pass,pass,pass,not_detected,pass,,20261002090000aa71806e0b734f03a5,2026-10-02T09:03:52.136785Z,2026-10-02__glm-4.5-air__shifted_docground__api__docground-api-pilot-candidate-v1-api-numpy-reshape__r1,b6554b651d6b26090fcdce6cd7d77ae95fa9b6cffca121da0e4e996b72cadb5e,8fa29cfe0ea312c63b54740eaea00742b5be8882e4a3f04b0f6bd71e3c8b030b,raw/2026-10-02__glm-4.5-air__shifted_docground__api__docground-api-pilot-candidate-v1-api-numpy-reshape__r1/run_manifest.json,raw/2026-10-02__glm-4.5-air__shifted_docground__api__docground-api-pilot-candidate-v1-api-numpy-reshape__r1/evaluation.json,raw/2026-10-02__glm-4.5-air__shifted_docground__api__docground-api-pilot-candidate-v1-api-numpy-reshape__r1/response.txt
2026-10-02__glm-4.5-air__shifted_docground__api__docground-api-pilot-candidate-v1-api-pandas-groupby__r1,glm,glm-4.5-air,api-pandas-groupby,shifted_docground,1,512,,complete,stop,200,,437,47,0.0001391,7.272,pass,fail,pass,not_detected,pass,,202610020900008172f80e927f4273af,2026-10-02T09:02:49.267909Z,2026-10-02__glm-4.5-air__shifted_docground__api__docground-api-pilot-candidate-v1-api-pandas-groupby__r1,831b887cfde9526d989a01a206191a2f22e13776f4d0258ad27fac213791089e,b7df652d0e248752289ec88e659e53554cec268be6012641881bdd360ae10e35,raw/2026-10-02__glm-4.5-air__shifted_docground__api__docground-api-pilot-candidate-v1-api-pandas-groupby__r1/run_manifest.json,raw/2026-10-02__glm-4.5-air__shifted_docground__api__docground-api-pilot-candidate-v1-api-pandas-groupby__r1/evaluation.json,raw/2026-10-02__glm-4.5-air__shifted_docground__api__docground-api-pilot-candidate-v1-api-pandas-groupby__r1/response.txt
2026-10-02__glm-4.5-air__shifted_docground__api__docground-api-pilot-candidate-v1-api-pandas-merge__r1,glm,glm-4.5-air,api-pandas-merge,shifted_docground,1,512,,complete,stop,200,,449,88,0.0001866,5.11,pass,pass,pass,not_detected,pass,,202610020900009353de46d24f4997ab,2026-10-02T09:03:10.231729Z,2026-10-02__glm-4.5-air__shifted_docground__api__docground-api-pilot-candidate-v1-api-pandas-merge__r1,3f47b80f1b5d255d8c794996d3e0ab7574720da9ecf2759436af7e07598dddd8,7cb093b0a11d6682d6d8cc45e691e0cc21d90e21d6eb1b1bf2df9e4008c1da0d,raw/2026-10-02__glm-4.5-air__shifted_docground__api__docground-api-pilot-candidate-v1-api-pandas-merge__r1/run_manifest.json,raw/2026-10-02__glm-4.5-air__shifted_docground__api__docground-api-pilot-candidate-v1-api-pandas-merge__r1/evaluation.json,raw/2026-10-02__glm-4.5-air__shifted_docground__api__docground-api-pilot-candidate-v1-api-pandas-merge__r1/response.txt
2026-10-02__glm-4.5-air__shifted_docground__api__docground-api-pilot-candidate-v1-api-requests-get-json__r1,glm,glm-4.5-air,api-requests-get-json,shifted_docground,1,512,,complete,stop,200,,276,44,0.0001036,4.894,pass,pass,pass,not_detected,pass,,202610020900007745fbc97b6c4e2c81,2026-10-02T09:04:14.850409Z,2026-10-02__glm-4.5-air__shifted_docground__api__docground-api-pilot-candidate-v1-api-requests-get-json__r1,b3ae9e3f76941b9956443b6663b50f0c835a432d764c7df871c603b088c9cae3,143203aa2b8ac09b80be42b4c406f3784ce7c4cdc97522c1aeab0d3f4d0b7a76,raw/2026-10-02__glm-4.5-air__shifted_docground__api__docground-api-pilot-candidate-v1-api-requests-get-json__r1/run_manifest.json,raw/2026-10-02__glm-4.5-air__shifted_docground__api__docground-api-pilot-candidate-v1-api-requests-get-json__r1/evaluation.json,raw/2026-10-02__glm-4.5-air__shifted_docground__api__docground-api-pilot-candidate-v1-api-requests-get-json__r1/response.txt
2026-10-02__glm-4.5-air__shifted_docground__api__docground-api-pilot-candidate-v1-api-requests-post-json__r1,glm,glm-4.5-air,api-requests-post-json,shifted_docground,1,512,,complete,stop,200,,274,49,0.0001087,6.948,pass,pass,pass,not_detected,pass,,20261002090000e2baa0c1ccbe4881b4,2026-10-02T09:04:33.114940Z,2026-10-02__glm-4.5-air__shifted_docground__api__docground-api-pilot-candidate-v1-api-requests-post-json__r1,b01cf352012623fae4dfc2f40fab6acfda7741a1a6be7488f456cd4336431300,767d8f8536322066b1d65038617d687a830fcd2df5b8b3fbab71b346eaadd129,raw/2026-10-02__glm-4.5-air__shifted_docground__api__docground-api-pilot-candidate-v1-api-requests-post-json__r1/run_manifest.json,raw/2026-10-02__glm-4.5-air__shifted_docground__api__docground-api-pilot-candidate-v1-api-requests-post-json__r1/evaluation.json,raw/2026-10-02__glm-4.5-air__shifted_docground__api__docground-api-pilot-candidate-v1-api-requests-post-json__r1/response.txt
2026-10-02__glm-4.5__baseline__api__docground-api-pilot-candidate-v1-api-numpy-norm__r1,glm,glm-4.5,api-numpy-norm,baseline,1,512,,complete,stop,200,,33,43,0.0001144,6.685,pass,pass,pass,not_detected,not_applicable,,2026100209000016073275b7264ffbaa,2026-10-02T09:05:20.887374Z,2026-10-02__glm-4.5__baseline__api__docground-api-pilot-candidate-v1-api-numpy-norm__r1,d44edd7f6db41e53da4f5690a4906406966b0c1f1e11f5111501f5dbe92d667c,32c484cfd2cee0bd9d6bb5ac814881f6715ba56233299b1ef8c702373c2d8134,raw/2026-10-02__glm-4.5__baseline__api__docground-api-pilot-candidate-v1-api-numpy-norm__r1/run_manifest.json,raw/2026-10-02__glm-4.5__baseline__api__docground-api-pilot-candidate-v1-api-numpy-norm__r1/evaluation.json,raw/2026-10-02__glm-4.5__baseline__api__docground-api-pilot-candidate-v1-api-numpy-norm__r1/response.txt
2026-10-02__glm-4.5__baseline__api__docground-api-pilot-candidate-v1-api-numpy-reshape__r1,glm,glm-4.5,api-numpy-reshape,baseline,1,512,,complete,stop,200,,65,40,0.000127,7.96,pass,pass,pass,not_detected,not_applicable,,20261002090000a3838ceeeaad4b6ebf,2026-10-02T09:05:43.109845Z,2026-10-02__glm-4.5__baseline__api__docground-api-pilot-candidate-v1-api-numpy-reshape__r1,42136abb2b6238324aa879bad7bad0edf9d67b30910c905574264e531fc16039,70d73a9cb7833510677bc641112e41d749a2e77d6f1d4c7c5a7c80352d636b03,raw/2026-10-02__glm-4.5__baseline__api__docground-api-pilot-candidate-v1-api-numpy-reshape__r1/run_manifest.json,raw/2026-10-02__glm-4.5__baseline__api__docground-api-pilot-candidate-v1-api-numpy-reshape__r1/evaluation.json,raw/2026-10-02__glm-4.5__baseline__api__docground-api-pilot-candidate-v1-api-numpy-reshape__r1/response.txt
2026-10-02__glm-4.5__baseline__api__docground-api-pilot-candidate-v1-api-pandas-groupby__r1,glm,glm-4.5,api-pandas-groupby,baseline,1,512,,complete,stop,200,,50,75,0.000195,5.731,pass,pass,pass,not_detected,not_applicable,,202610020900007daba69f3a734a67ad,2026-10-02T09:04:40.733936Z,2026-10-02__glm-4.5__baseline__api__docground-api-pilot-candidate-v1-api-pandas-groupby__r1,54b75e7fe55106dc87b62fdbf6c8671865c379472aff6c926193b4a2d3f3a0ef,d736ddf801061f0b6244dfd95fd6594e6835bb2da14d2003a9c03ca34b84737d,raw/2026-10-02__glm-4.5__baseline__api__docground-api-pilot-candidate-v1-api-pandas-groupby__r1/run_manifest.json,raw/2026-10-02__glm-4.5__baseline__api__docground-api-pilot-candidate-v1-api-pandas-groupby__r1/evaluation.json,raw/2026-10-02__glm-4.5__baseline__api__docground-api-pilot-candidate-v1-api-pandas-groupby__r1/response.txt
2026-10-02__glm-4.5__baseline__api__docground-api-pilot-candidate-v1-api-pandas-merge__r1,glm,glm-4.5,api-pandas-merge,baseline,1,512,,complete,stop,200,,56,84,0.0002184,5.962,pass,pass,pass,not_detected,not_applicable,,20261002090000e725b07f82554d55a8,2026-10-02T09:05:01.062200Z,2026-10-02__glm-4.5__baseline__api__docground-api-pilot-candidate-v1-api-pandas-merge__r1,3f47b80f1b5d255d8c794996d3e0ab7574720da9ecf2759436af7e07598dddd8,148a2ee14ec59549fa9d874140b6e66d5c92a3b5d8b64bd8d95d88fe064a268e,raw/2026-10-02__glm-4.5__baseline__api__docground-api-pilot-candidate-v1-api-pandas-merge__r1/run_manifest.json,raw/2026-10-02__glm-4.5__baseline__api__docground-api-pilot-candidate-v1-api-pandas-merge__r1/evaluation.json,raw/2026-10-02__glm-4.5__baseline__api__docground-api-pilot-candidate-v1-api-pandas-merge__r1/response.txt
2026-10-02__glm-4.5__baseline__api__docground-api-pilot-candidate-v1-api-requests-get-json__r1,glm,glm-4.5,api-requests-get-json,baseline,1,512,,complete,stop,200,,73,41,0.000134,5.949,pass,pass,pass,not_detected,not_applicable,,202610020900004088bc7a3ad94a5f8f,2026-10-02T09:06:07.649076Z,2026-10-02__glm-4.5__baseline__api__docground-api-pilot-candidate-v1-api-requests-get-json__r1,b3ae9e3f76941b9956443b6663b50f0c835a432d764c7df871c603b088c9cae3,bfb0de9a2362a39b73c9c0fe94bdcbc7ac9938e9cb19665a03dfd1cab6bf6cf2,raw/2026-10-02__glm-4.5__baseline__api__docground-api-pilot-candidate-v1-api-requests-get-json__r1/run_manifest.json,raw/2026-10-02__glm-4.5__baseline__api__docground-api-pilot-candidate-v1-api-requests-get-json__r1/evaluation.json,raw/2026-10-02__glm-4.5__baseline__api__docground-api-pilot-candidate-v1-api-requests-get-json__r1/response.txt
2026-10-02__glm-4.5__baseline__api__docground-api-pilot-candidate-v1-api-requests-post-json__r1,glm,glm-4.5,api-requests-post-json,baseline,1,512,,complete,stop,200,,85,54,0.0001698,5.933,pass,pass,pass,not_detected,not_applicable,,202610020900007fce7ad99a734d7998,2026-10-02T09:06:28.774211Z,2026-10-02__glm-4.5__baseline__api__docground-api-pilot-candidate-v1-api-requests-post-json__r1,b01cf352012623fae4dfc2f40fab6acfda7741a1a6be7488f456cd4336431300,af271d85fb20215c8113efae8ee5c1d3bf3505b4ced9da57ca48b13c5bd175cf,raw/2026-10-02__glm-4.5__baseline__api__docground-api-pilot-candidate-v1-api-requests-post-json__r1/run_manifest.json,raw/2026-10-02__glm-4.5__baseline__api__docground-api-pilot-candidate-v1-api-requests-post-json__r1/evaluation.json,raw/2026-10-02__glm-4.5__baseline__api__docground-api-pilot-candidate-v1-api-requests-post-json__r1/response.txt
2026-10-02__glm-4.5__shifted_baseline__api__docground-api-pilot-candidate-v1-api-numpy-norm__r1,glm,glm-4.5,api-numpy-norm,shifted_baseline,1,512,,complete,stop,200,,54,32,0.0001028,7.041,pass,pass,pass,not_detected,pass,,202610020900001ab95b9c919f45d7b8,2026-10-02T09:05:28.136587Z,2026-10-02__glm-4.5__shifted_baseline__api__docground-api-pilot-candidate-v1-api-numpy-norm__r1,74a929760064e17bddf6a2ee52e93310d886903b1ef45c0c70170afef3c45111,0fd96b182347686af0f378acae420137913e5b1d5a86db0603082f6e4689396d,raw/2026-10-02__glm-4.5__shifted_baseline__api__docground-api-pilot-candidate-v1-api-numpy-norm__r1/run_manifest.json,raw/2026-10-02__glm-4.5__shifted_baseline__api__docground-api-pilot-candidate-v1-api-numpy-norm__r1/evaluation.json,raw/2026-10-02__glm-4.5__shifted_baseline__api__docground-api-pilot-candidate-v1-api-numpy-norm__r1/response.txt
2026-10-02__glm-4.5__shifted_baseline__api__docground-api-pilot-candidate-v1-api-numpy-reshape__r1,glm,glm-4.5,api-numpy-reshape,shifted_baseline,1,512,,complete,stop,200,,52,37,0.0001126,7.018,pass,pass,pass,not_detected,pass,,20261002090000edd5ce245e164795ab,2026-10-02T09:05:51.859220Z,2026-10-02__glm-4.5__shifted_baseline__api__docground-api-pilot-candidate-v1-api-numpy-reshape__r1,b6554b651d6b26090fcdce6cd7d77ae95fa9b6cffca121da0e4e996b72cadb5e,365e1d8b8a8d46eaf12aa33842d367328e138d9487e71daedcc99ee0759abb22,raw/2026-10-02__glm-4.5__shifted_baseline__api__docground-api-pilot-candidate-v1-api-numpy-reshape__r1/run_manifest.json,raw/2026-10-02__glm-4.5__shifted_baseline__api__docground-api-pilot-candidate-v1-api-numpy-reshape__r1/evaluation.json,raw/2026-10-02__glm-4.5__shifted_baseline__api__docground-api-pilot-candidate-v1-api-numpy-reshape__r1/response.txt
2026-10-02__glm-4.5__shifted_baseline__api__docground-api-pilot-candidate-v1-api-pandas-groupby__r1,glm,glm-4.5,api-pandas-groupby,shifted_baseline,1,512,,complete,stop,200,,64,43,0.000133,7.833,pass,fail,pass,not_detected,pass,,20261002090000e90a938b67c8483d91,2026-10-02T09:04:47.282381Z,2026-10-02__glm-4.5__shifted_baseline__api__docground-api-pilot-candidate-v1-api-pandas-groupby__r1,831b887cfde9526d989a01a206191a2f22e13776f4d0258ad27fac213791089e,29687cd6f8f316148459d059058a88a44f31728fa5c4800e9185c7329956d323,raw/2026-10-02__glm-4.5__shifted_baseline__api__docground-api-pilot-candidate-v1-api-pandas-groupby__r1/run_manifest.json,raw/2026-10-02__glm-4.5__shifted_baseline__api__docground-api-pilot-candidate-v1-api-pandas-groupby__r1/evaluation.json,raw/2026-10-02__glm-4.5__shifted_baseline__api__docground-api-pilot-candidate-v1-api-pandas-groupby__r1/response.txt
2026-10-02__glm-4.5__shifted_baseline__api__docground-api-pilot-candidate-v1-api-pandas-merge__r1,glm,glm-4.5,api-pandas-merge,shifted_baseline,1,512,,complete,stop,200,,62,80,0.0002132,4.853,pass,pass,pass,not_detected,pass,,20261002090000ab3630b88f984562af,2026-10-02T09:05:07.413515Z,2026-10-02__glm-4.5__shifted_baseline__api__docground-api-pilot-candidate-v1-api-pandas-merge__r1,3f47b80f1b5d255d8c794996d3e0ab7574720da9ecf2759436af7e07598dddd8,d7e9048a7328e575662bfc962fddc5dbdf96fab639a9d68ee4fc532ae5d58654,raw/2026-10-02__glm-4.5__shifted_baseline__api__docground-api-pilot-candidate-v1-api-pandas-merge__r1/run_manifest.json,raw/2026-10-02__glm-4.5__shifted_baseline__api__docground-api-pilot-candidate-v1-api-pandas-merge__r1/evaluation.json,raw/2026-10-02__glm-4.5__shifted_baseline__api__docground-api-pilot-candidate-v1-api-pandas-merge__r1/response.txt
2026-10-02__glm-4.5__shifted_baseline__api__docground-api-pilot-candidate-v1-api-requests-get-json__r1,glm,glm-4.5,api-requests-get-json,shifted_baseline,1,512,,complete,stop,200,,80,39,0.0001338,6.467,pass,pass,pass,not_detected,pass,,20261002090000a12fdb4656a04bf392,2026-10-02T09:06:14.188529Z,2026-10-02__glm-4.5__shifted_baseline__api__docground-api-pilot-candidate-v1-api-requests-get-json__r1,b3ae9e3f76941b9956443b6663b50f0c835a432d764c7df871c603b088c9cae3,b191fed143a9395141944e39c9feac172bfe25a5e50aba0934690ea740ad5ff6,raw/2026-10-02__glm-4.5__shifted_baseline__api__docground-api-pilot-candidate-v1-api-requests-get-json__r1/run_manifest.json,raw/2026-10-02__glm-4.5__shifted_baseline__api__docground-api-pilot-candidate-v1-api-requests-get-json__r1/evaluation.json,raw/2026-10-02__glm-4.5__shifted_baseline__api__docground-api-pilot-candidate-v1-api-requests-get-json__r1/response.txt
2026-10-02__glm-4.5__shifted_baseline__api__docground-api-pilot-candidate-v1-api-requests-post-json__r1,glm,glm-4.5,api-requests-post-json,shifted_baseline,1,512,,complete,stop,200,,69,48,0.000147,5.25,pass,pass,pass,not_detected,pass,,20261002090000d6e2b8ac5fdf4050a8,2026-10-02T09:06:35.275177Z,2026-10-02__glm-4.5__shifted_baseline__api__docground-api-pilot-candidate-v1-api-requests-post-json__r1,b01cf352012623fae4dfc2f40fab6acfda7741a1a6be7488f456cd4336431300,e0697861211b97ac02944f57f38ec3b98e2e5fa2150f5bfedc11fd089752b77e,raw/2026-10-02__glm-4.5__shifted_baseline__api__docground-api-pilot-candidate-v1-api-requests-post-json__r1/run_manifest.json,raw/2026-10-02__glm-4.5__shifted_baseline__api__docground-api-pilot-candidate-v1-api-requests-post-json__r1/evaluation.json,raw/2026-10-02__glm-4.5__shifted_baseline__api__docground-api-pilot-candidate-v1-api-requests-post-json__r1/response.txt
2026-10-02__glm-4.5__shifted_docground__api__docground-api-pilot-candidate-v1-api-numpy-norm__r1,glm,glm-4.5,api-numpy-norm,shifted_docground,1,512,,transport_or_parse_error,,,URLError,,,,0.001,not_run,not_run,not_run,not_run,not_applicable,,,2026-10-02T09:05:35.783638Z,2026-10-02__glm-4.5__shifted_docground__api__docground-api-pilot-candidate-v1-api-numpy-norm__r1,,c1bb52eb1d5b4c4108d4595cc69a590e748de48d67ed6de162e420ab0ac0e5fa,raw/2026-10-02__glm-4.5__shifted_docground__api__docground-api-pilot-candidate-v1-api-numpy-norm__r1/run_manifest.json,raw/2026-10-02__glm-4.5__shifted_docground__api__docground-api-pilot-candidate-v1-api-numpy-norm__r1/evaluation.json,raw/2026-10-02__glm-4.5__shifted_docground__api__docground-api-pilot-candidate-v1-api-numpy-norm__r1/response.txt
2026-10-02__glm-4.5__shifted_docground__api__docground-api-pilot-candidate-v1-api-numpy-norm__r1__a2,glm,glm-4.5,api-numpy-norm,shifted_docground,2,512,,complete,stop,200,,303,26,0.000239,6.18,pass,fail,pass,not_detected,pass,,202610020900002bc25c8e0ea74983b8,2026-10-02T09:05:36.207117Z,2026-10-02__glm-4.5__shifted_docground__api__docground-api-pilot-candidate-v1-api-numpy-norm__r1__a2,644ebef89d4967b3637c9e0cf7c1de9360eea288f21e7f208335602aa29d8a44,c1bb52eb1d5b4c4108d4595cc69a590e748de48d67ed6de162e420ab0ac0e5fa,raw/2026-10-02__glm-4.5__shifted_docground__api__docground-api-pilot-candidate-v1-api-numpy-norm__r1__a2/run_manifest.json,raw/2026-10-02__glm-4.5__shifted_docground__api__docground-api-pilot-candidate-v1-api-numpy-norm__r1__a2/evaluation.json,raw/2026-10-02__glm-4.5__shifted_docground__api__docground-api-pilot-candidate-v1-api-numpy-norm__r1__a2/response.txt
2026-10-02__glm-4.5__shifted_docground__api__docground-api-pilot-candidate-v1-api-numpy-reshape__r1,glm,glm-4.5,api-numpy-reshape,shifted_docground,1,512,,complete,stop,200,,300,51,0.0002922,7.427,pass,pass,pass,not_detected,pass,,202610020900009841cb6284d641caa6,2026-10-02T09:05:59.749463Z,2026-10-02__glm-4.5__shifted_docground__api__docground-api-pilot-candidate-v1-api-numpy-reshape__r1,42136abb2b6238324aa879bad7bad0edf9d67b30910c905574264e531fc16039,8fa29cfe0ea312c63b54740eaea00742b5be8882e4a3f04b0f6bd71e3c8b030b,raw/2026-10-02__glm-4.5__shifted_docground__api__docground-api-pilot-candidate-v1-api-numpy-reshape__r1/run_manifest.json,raw/2026-10-02__glm-4.5__shifted_docground__api__docground-api-pilot-candidate-v1-api-numpy-reshape__r1/evaluation.json,raw/2026-10-02__glm-4.5__shifted_docground__api__docground-api-pilot-candidate-v1-api-numpy-reshape__r1/response.txt
2026-10-02__glm-4.5__shifted_docground__api__docground-api-pilot-candidate-v1-api-pandas-groupby__r1,glm,glm-4.5,api-pandas-groupby,shifted_docground,1,512,,complete,stop,200,,436,49,0.0003694,4.631,pass,pass,pass,not_detected,pass,,202610020900005d11adbe9e6a408a92,2026-10-02T09:04:55.540878Z,2026-10-02__glm-4.5__shifted_docground__api__docground-api-pilot-candidate-v1-api-pandas-groupby__r1,c71c1d2ad9c44c7cebc185aa728138296e62511b8f57e18acefe0664c08f3ff5,b7df652d0e248752289ec88e659e53554cec268be6012641881bdd360ae10e35,raw/2026-10-02__glm-4.5__shifted_docground__api__docground-api-pilot-candidate-v1-api-pandas-groupby__r1/run_manifest.json,raw/2026-10-02__glm-4.5__shifted_docground__api__docground-api-pilot-candidate-v1-api-pandas-groupby__r1/evaluation.json,raw/2026-10-02__glm-4.5__shifted_docground__api__docground-api-pilot-candidate-v1-api-pandas-groupby__r1/response.txt
2026-10-02__glm-4.5__shifted_docground__api__docground-api-pilot-candidate-v1-api-pandas-merge__r1,glm,glm-4.5,api-pandas-merge,shifted_docground,1,512,,complete,stop,200,,443,61,0.0004,7.48,pass,fail,pass,not_detected,pass,,2026100209000063ded15eff9640b7b6,2026-10-02T09:05:12.738713Z,2026-10-02__glm-4.5__shifted_docground__api__docground-api-pilot-candidate-v1-api-pandas-merge__r1,2b964e784b17811b294cc9a09f95299ebdb75fb37f103b2135c2b436c8fd70d7,7cb093b0a11d6682d6d8cc45e691e0cc21d90e21d6eb1b1bf2df9e4008c1da0d,raw/2026-10-02__glm-4.5__shifted_docground__api__docground-api-pilot-candidate-v1-api-pandas-merge__r1/run_manifest.json,raw/2026-10-02__glm-4.5__shifted_docground__api__docground-api-pilot-candidate-v1-api-pandas-merge__r1/evaluation.json,raw/2026-10-02__glm-4.5__shifted_docground__api__docground-api-pilot-candidate-v1-api-pandas-merge__r1/response.txt
2026-10-02__glm-4.5__shifted_docground__api__docground-api-pilot-candidate-v1-api-requests-get-json__r1,glm,glm-4.5,api-requests-get-json,shifted_docground,1,512,,complete,stop,200,,263,61,0.000292,6.727,pass,pass,pass,not_detected,pass,,20261002090000c13d148072654c8e94,2026-10-02T09:06:21.415790Z,2026-10-02__glm-4.5__shifted_docground__api__docground-api-pilot-candidate-v1-api-requests-get-json__r1,b3ae9e3f76941b9956443b6663b50f0c835a432d764c7df871c603b088c9cae3,143203aa2b8ac09b80be42b4c406f3784ce7c4cdc97522c1aeab0d3f4d0b7a76,raw/2026-10-02__glm-4.5__shifted_docground__api__docground-api-pilot-candidate-v1-api-requests-get-json__r1/run_manifest.json,raw/2026-10-02__glm-4.5__shifted_docground__api__docground-api-pilot-candidate-v1-api-requests-get-json__r1/evaluation.json,raw/2026-10-02__glm-4.5__shifted_docground__api__docground-api-pilot-candidate-v1-api-requests-get-json__r1/response.txt
2026-10-02__glm-4.5__shifted_docground__api__docground-api-pilot-candidate-v1-api-requests-post-json__r1,glm,glm-4.5,api-requests-post-json,shifted_docground,1,512,,complete,stop,200,,283,48,0.0002754,7.476,pass,pass,findings,not_detected,pass,,202610020900005d6b7da53fe240be87,2026-10-02T09:06:41.218050Z,2026-10-02__glm-4.5__shifted_docground__api__docground-api-pilot-candidate-v1-api-requests-post-json__r1,b01cf352012623fae4dfc2f40fab6acfda7741a1a6be7488f456cd4336431300,767d8f8536322066b1d65038617d687a830fcd2df5b8b3fbab71b346eaadd129,raw/2026-10-02__glm-4.5__shifted_docground__api__docground-api-pilot-candidate-v1-api-requests-post-json__r1/run_manifest.json,raw/2026-10-02__glm-4.5__shifted_docground__api__docground-api-pilot-candidate-v1-api-requests-post-json__r1/evaluation.json,raw/2026-10-02__glm-4.5__shifted_docground__api__docground-api-pilot-candidate-v1-api-requests-post-json__r1/response.txt
2026-10-02__grok-4.20-0309-non-reasoning__baseline__api__docground-api-pilot-candidate-v1-api-numpy-norm__r1,xai,grok-4.20-0309-non-reasoning,api-numpy-norm,baseline,1,512,,complete,stop,200,,31,24,9.875e-05,2.437,pass,pass,pass,not_detected,not_applicable,591be3e2-edab-46ef-ae06-297d64594441,591be3e2-edab-46ef-ae06-297d64594441,2026-10-02T09:07:15.045439Z,2026-10-02__grok-4.20-0309-non-reasoning__baseline__api__docground-api-pilot-candidate-v1-api-numpy-norm__r1,74a929760064e17bddf6a2ee52e93310d886903b1ef45c0c70170afef3c45111,32c484cfd2cee0bd9d6bb5ac814881f6715ba56233299b1ef8c702373c2d8134,raw/2026-10-02__grok-4.20-0309-non-reasoning__baseline__api__docground-api-pilot-candidate-v1-api-numpy-norm__r1/run_manifest.json,raw/2026-10-02__grok-4.20-0309-non-reasoning__baseline__api__docground-api-pilot-candidate-v1-api-numpy-norm__r1/evaluation.json,raw/2026-10-02__grok-4.20-0309-non-reasoning__baseline__api__docground-api-pilot-candidate-v1-api-numpy-norm__r1/response.txt
2026-10-02__grok-4.20-0309-non-reasoning__baseline__api__docground-api-pilot-candidate-v1-api-numpy-reshape__r1,xai,grok-4.20-0309-non-reasoning,api-numpy-reshape,baseline,1,512,,complete,stop,200,,61,45,0.00018875,5.065,pass,pass,pass,not_detected,not_applicable,39782012-11e7-4870-b7c4-659b1336a47f,39782012-11e7-4870-b7c4-659b1336a47f,2026-10-02T09:07:26.326571Z,2026-10-02__grok-4.20-0309-non-reasoning__baseline__api__docground-api-pilot-candidate-v1-api-numpy-reshape__r1,b6554b651d6b26090fcdce6cd7d77ae95fa9b6cffca121da0e4e996b72cadb5e,70d73a9cb7833510677bc641112e41d749a2e77d6f1d4c7c5a7c80352d636b03,raw/2026-10-02__grok-4.20-0309-non-reasoning__baseline__api__docground-api-pilot-candidate-v1-api-numpy-reshape__r1/run_manifest.json,raw/2026-10-02__grok-4.20-0309-non-reasoning__baseline__api__docground-api-pilot-candidate-v1-api-numpy-reshape__r1/evaluation.json,raw/2026-10-02__grok-4.20-0309-non-reasoning__baseline__api__docground-api-pilot-candidate-v1-api-numpy-reshape__r1/response.txt
2026-10-02__grok-4.20-0309-non-reasoning__baseline__api__docground-api-pilot-candidate-v1-api-pandas-groupby__r1,xai,grok-4.20-0309-non-reasoning,api-pandas-groupby,baseline,1,512,,complete,stop,200,,61,52,0.00020625,2.688,pass,pass,pass,not_detected,not_applicable,294d9de7-edfb-4232-b356-0b34040b165b,294d9de7-edfb-4232-b356-0b34040b165b,2026-10-02T09:06:49.242100Z,2026-10-02__grok-4.20-0309-non-reasoning__baseline__api__docground-api-pilot-candidate-v1-api-pandas-groupby__r1,c71c1d2ad9c44c7cebc185aa728138296e62511b8f57e18acefe0664c08f3ff5,d736ddf801061f0b6244dfd95fd6594e6835bb2da14d2003a9c03ca34b84737d,raw/2026-10-02__grok-4.20-0309-non-reasoning__baseline__api__docground-api-pilot-candidate-v1-api-pandas-groupby__r1/run_manifest.json,raw/2026-10-02__grok-4.20-0309-non-reasoning__baseline__api__docground-api-pilot-candidate-v1-api-pandas-groupby__r1/evaluation.json,raw/2026-10-02__grok-4.20-0309-non-reasoning__baseline__api__docground-api-pilot-candidate-v1-api-pandas-groupby__r1/response.txt
2026-10-02__grok-4.20-0309-non-reasoning__baseline__api__docground-api-pilot-candidate-v1-api-pandas-merge__r1,xai,grok-4.20-0309-non-reasoning,api-pandas-merge,baseline,1,512,,complete,stop,200,,67,85,0.00029625,4.829,pass,pass,pass,not_detected,not_applicable,42110fa3-f595-4d7b-8af7-1438c0e35668,42110fa3-f595-4d7b-8af7-1438c0e35668,2026-10-02T09:06:59.372800Z,2026-10-02__grok-4.20-0309-non-reasoning__baseline__api__docground-api-pilot-candidate-v1-api-pandas-merge__r1,3f47b80f1b5d255d8c794996d3e0ab7574720da9ecf2759436af7e07598dddd8,148a2ee14ec59549fa9d874140b6e66d5c92a3b5d8b64bd8d95d88fe064a268e,raw/2026-10-02__grok-4.20-0309-non-reasoning__baseline__api__docground-api-pilot-candidate-v1-api-pandas-merge__r1/run_manifest.json,raw/2026-10-02__grok-4.20-0309-non-reasoning__baseline__api__docground-api-pilot-candidate-v1-api-pandas-merge__r1/evaluation.json,raw/2026-10-02__grok-4.20-0309-non-reasoning__baseline__api__docground-api-pilot-candidate-v1-api-pandas-merge__r1/response.txt
2026-10-02__grok-4.20-0309-non-reasoning__baseline__api__docground-api-pilot-candidate-v1-api-requests-get-json__r1,xai,grok-4.20-0309-non-reasoning,api-requests-get-json,baseline,1,512,,complete,stop,200,,70,49,0.00021,2.634,pass,pass,pass,not_detected,not_applicable,ba368655-c78b-41e8-8a5f-ba6bec5583cf,ba368655-c78b-41e8-8a5f-ba6bec5583cf,2026-10-02T09:07:38.836632Z,2026-10-02__grok-4.20-0309-non-reasoning__baseline__api__docground-api-pilot-candidate-v1-api-requests-get-json__r1,b3ae9e3f76941b9956443b6663b50f0c835a432d764c7df871c603b088c9cae3,bfb0de9a2362a39b73c9c0fe94bdcbc7ac9938e9cb19665a03dfd1cab6bf6cf2,raw/2026-10-02__grok-4.20-0309-non-reasoning__baseline__api__docground-api-pilot-candidate-v1-api-requests-get-json__r1/run_manifest.json,raw/2026-10-02__grok-4.20-0309-non-reasoning__baseline__api__docground-api-pilot-candidate-v1-api-requests-get-json__r1/evaluation.json,raw/2026-10-02__grok-4.20-0309-non-reasoning__baseline__api__docground-api-pilot-candidate-v1-api-requests-get-json__r1/response.txt
2026-10-02__grok-4.20-0309-non-reasoning__baseline__api__docground-api-pilot-candidate-v1-api-requests-post-json__r1,xai,grok-4.20-0309-non-reasoning,api-requests-post-json,baseline,1,512,,complete,stop,200,,74,64,0.0002525,3.919,pass,pass,pass,not_detected,not_applicable,057c81b1-2fd5-4944-9544-2fce12d69b23,057c81b1-2fd5-4944-9544-2fce12d69b23,2026-10-02T09:07:49.593937Z,2026-10-02__grok-4.20-0309-non-reasoning__baseline__api__docground-api-pilot-candidate-v1-api-requests-post-json__r1,b01cf352012623fae4dfc2f40fab6acfda7741a1a6be7488f456cd4336431300,af271d85fb20215c8113efae8ee5c1d3bf3505b4ced9da57ca48b13c5bd175cf,raw/2026-10-02__grok-4.20-0309-non-reasoning__baseline__api__docground-api-pilot-candidate-v1-api-requests-post-json__r1/run_manifest.json,raw/2026-10-02__grok-4.20-0309-non-reasoning__baseline__api__docground-api-pilot-candidate-v1-api-requests-post-json__r1/evaluation.json,raw/2026-10-02__grok-4.20-0309-non-reasoning__baseline__api__docground-api-pilot-candidate-v1-api-requests-post-json__r1/response.txt
2026-10-02__grok-4.20-0309-non-reasoning__shifted_baseline__api__docground-api-pilot-candidate-v1-api-numpy-norm__r1,xai,grok-4.20-0309-non-reasoning,api-numpy-norm,shifted_baseline,1,512,,complete,stop,200,,47,35,0.00014625,5.134,pass,pass,pass,not_detected,pass,5be3b220-868c-4a2a-b35b-e6138d1fca66,5be3b220-868c-4a2a-b35b-e6138d1fca66,2026-10-02T09:07:18.191719Z,2026-10-02__grok-4.20-0309-non-reasoning__shifted_baseline__api__docground-api-pilot-candidate-v1-api-numpy-norm__r1,d44edd7f6db41e53da4f5690a4906406966b0c1f1e11f5111501f5dbe92d667c,0fd96b182347686af0f378acae420137913e5b1d5a86db0603082f6e4689396d,raw/2026-10-02__grok-4.20-0309-non-reasoning__shifted_baseline__api__docground-api-pilot-candidate-v1-api-numpy-norm__r1/run_manifest.json,raw/2026-10-02__grok-4.20-0309-non-reasoning__shifted_baseline__api__docground-api-pilot-candidate-v1-api-numpy-norm__r1/evaluation.json,raw/2026-10-02__grok-4.20-0309-non-reasoning__shifted_baseline__api__docground-api-pilot-candidate-v1-api-numpy-norm__r1/response.txt
2026-10-02__grok-4.20-0309-non-reasoning__shifted_baseline__api__docground-api-pilot-candidate-v1-api-numpy-reshape__r1,xai,grok-4.20-0309-non-reasoning,api-numpy-reshape,shifted_baseline,1,512,,complete,stop,200,,67,50,0.00020875,3.35,pass,fail,pass,not_detected,pass,238f18d8-c88f-4d8d-b03c-174404550fe0,238f18d8-c88f-4d8d-b03c-174404550fe0,2026-10-02T09:07:32.160105Z,2026-10-02__grok-4.20-0309-non-reasoning__shifted_baseline__api__docground-api-pilot-candidate-v1-api-numpy-reshape__r1,ce63937716c1ab8a6435db08abb96d40c8a2ecafcf575dab654f39f8136e0e47,365e1d8b8a8d46eaf12aa33842d367328e138d9487e71daedcc99ee0759abb22,raw/2026-10-02__grok-4.20-0309-non-reasoning__shifted_baseline__api__docground-api-pilot-candidate-v1-api-numpy-reshape__r1/run_manifest.json,raw/2026-10-02__grok-4.20-0309-non-reasoning__shifted_baseline__api__docground-api-pilot-candidate-v1-api-numpy-reshape__r1/evaluation.json,raw/2026-10-02__grok-4.20-0309-non-reasoning__shifted_baseline__api__docground-api-pilot-candidate-v1-api-numpy-reshape__r1/response.txt
2026-10-02__grok-4.20-0309-non-reasoning__shifted_baseline__api__docground-api-pilot-candidate-v1-api-pandas-groupby__r1,xai,grok-4.20-0309-non-reasoning,api-pandas-groupby,shifted_baseline,1,512,,complete,stop,200,,59,75,0.00026125,3.067,pass,pass,pass,not_detected,pass,e735ab5a-7e34-41b7-8568-45fd700b38b3,e735ab5a-7e34-41b7-8568-45fd700b38b3,2026-10-02T09:06:52.853750Z,2026-10-02__grok-4.20-0309-non-reasoning__shifted_baseline__api__docground-api-pilot-candidate-v1-api-pandas-groupby__r1,54b75e7fe55106dc87b62fdbf6c8671865c379472aff6c926193b4a2d3f3a0ef,29687cd6f8f316148459d059058a88a44f31728fa5c4800e9185c7329956d323,raw/2026-10-02__grok-4.20-0309-non-reasoning__shifted_baseline__api__docground-api-pilot-candidate-v1-api-pandas-groupby__r1/run_manifest.json,raw/2026-10-02__grok-4.20-0309-non-reasoning__shifted_baseline__api__docground-api-pilot-candidate-v1-api-pandas-groupby__r1/evaluation.json,raw/2026-10-02__grok-4.20-0309-non-reasoning__shifted_baseline__api__docground-api-pilot-candidate-v1-api-pandas-groupby__r1/response.txt
2026-10-02__grok-4.20-0309-non-reasoning__shifted_baseline__api__docground-api-pilot-candidate-v1-api-pandas-merge__r1,xai,grok-4.20-0309-non-reasoning,api-pandas-merge,shifted_baseline,1,512,,complete,stop,200,,70,63,0.000245,4.101,pass,fail,pass,not_detected,pass,cf1bf25e-3388-451d-92a3-9d9265a2335a,cf1bf25e-3388-451d-92a3-9d9265a2335a,2026-10-02T09:07:04.802490Z,2026-10-02__grok-4.20-0309-non-reasoning__shifted_baseline__api__docground-api-pilot-candidate-v1-api-pandas-merge__r1,2b964e784b17811b294cc9a09f95299ebdb75fb37f103b2135c2b436c8fd70d7,d7e9048a7328e575662bfc962fddc5dbdf96fab639a9d68ee4fc532ae5d58654,raw/2026-10-02__grok-4.20-0309-non-reasoning__shifted_baseline__api__docground-api-pilot-candidate-v1-api-pandas-merge__r1/run_manifest.json,raw/2026-10-02__grok-4.20-0309-non-reasoning__shifted_baseline__api__docground-api-pilot-candidate-v1-api-pandas-merge__r1/evaluation.json,raw/2026-10-02__grok-4.20-0309-non-reasoning__shifted_baseline__api__docground-api-pilot-candidate-v1-api-pandas-merge__r1/response.txt
2026-10-02__grok-4.20-0309-non-reasoning__shifted_baseline__api__docground-api-pilot-candidate-v1-api-requests-get-json__r1,xai,grok-4.20-0309-non-reasoning,api-requests-get-json,shifted_baseline,1,512,,complete,stop,200,,66,56,0.0002225,3.152,pass,fail,pass,not_detected,pass,ae809b9e-9608-4209-ba8d-2602f364077c,ae809b9e-9608-4209-ba8d-2602f364077c,2026-10-02T09:07:42.111781Z,2026-10-02__grok-4.20-0309-non-reasoning__shifted_baseline__api__docground-api-pilot-candidate-v1-api-requests-get-json__r1,87052af6bea57ed34a3431a692ee159989f8e88afed21aba6bde317efcd4c6bb,b191fed143a9395141944e39c9feac172bfe25a5e50aba0934690ea740ad5ff6,raw/2026-10-02__grok-4.20-0309-non-reasoning__shifted_baseline__api__docground-api-pilot-candidate-v1-api-requests-get-json__r1/run_manifest.json,raw/2026-10-02__grok-4.20-0309-non-reasoning__shifted_baseline__api__docground-api-pilot-candidate-v1-api-requests-get-json__r1/evaluation.json,raw/2026-10-02__grok-4.20-0309-non-reasoning__shifted_baseline__api__docground-api-pilot-candidate-v1-api-requests-get-json__r1/response.txt
2026-10-02__grok-4.20-0309-non-reasoning__shifted_baseline__api__docground-api-pilot-candidate-v1-api-requests-post-json__r1,xai,grok-4.20-0309-non-reasoning,api-requests-post-json,shifted_baseline,1,512,,complete,stop,200,,74,45,0.000205,2.759,pass,fail,pass,not_detected,pass,7a33abcb-60d0-4e50-9370-f5e0edd65ccc,7a33abcb-60d0-4e50-9370-f5e0edd65ccc,2026-10-02T09:07:54.059428Z,2026-10-02__grok-4.20-0309-non-reasoning__shifted_baseline__api__docground-api-pilot-candidate-v1-api-requests-post-json__r1,8ef05aca21b183286aae5d727ef49b459d2a4a1cfeed8da8c337374a218a4ca3,e0697861211b97ac02944f57f38ec3b98e2e5fa2150f5bfedc11fd089752b77e,raw/2026-10-02__grok-4.20-0309-non-reasoning__shifted_baseline__api__docground-api-pilot-candidate-v1-api-requests-post-json__r1/run_manifest.json,raw/2026-10-02__grok-4.20-0309-non-reasoning__shifted_baseline__api__docground-api-pilot-candidate-v1-api-requests-post-json__r1/evaluation.json,raw/2026-10-02__grok-4.20-0309-non-reasoning__shifted_baseline__api__docground-api-pilot-candidate-v1-api-requests-post-json__r1/response.txt
2026-10-02__grok-4.20-0309-non-reasoning__shifted_docground__api__docground-api-pilot-candidate-v1-api-numpy-norm__r1,xai,grok-4.20-0309-non-reasoning,api-numpy-norm,shifted_docground,1,512,,complete,stop,200,,298,30,0.0004475,1.987,pass,pass,pass,not_detected,pass,75201aa9-d010-4259-acd1-d0276545410b,75201aa9-d010-4259-acd1-d0276545410b,2026-10-02T09:07:23.823378Z,2026-10-02__grok-4.20-0309-non-reasoning__shifted_docground__api__docground-api-pilot-candidate-v1-api-numpy-norm__r1,d44edd7f6db41e53da4f5690a4906406966b0c1f1e11f5111501f5dbe92d667c,c1bb52eb1d5b4c4108d4595cc69a590e748de48d67ed6de162e420ab0ac0e5fa,raw/2026-10-02__grok-4.20-0309-non-reasoning__shifted_docground__api__docground-api-pilot-candidate-v1-api-numpy-norm__r1/run_manifest.json,raw/2026-10-02__grok-4.20-0309-non-reasoning__shifted_docground__api__docground-api-pilot-candidate-v1-api-numpy-norm__r1/evaluation.json,raw/2026-10-02__grok-4.20-0309-non-reasoning__shifted_docground__api__docground-api-pilot-candidate-v1-api-numpy-norm__r1/response.txt
2026-10-02__grok-4.20-0309-non-reasoning__shifted_docground__api__docground-api-pilot-candidate-v1-api-numpy-reshape__r1,xai,grok-4.20-0309-non-reasoning,api-numpy-reshape,shifted_docground,1,512,,complete,stop,200,,305,49,0.00050375,1.889,pass,pass,pass,not_detected,pass,319691ae-3e4a-458c-9392-77529c88278c,319691ae-3e4a-458c-9392-77529c88278c,2026-10-02T09:07:36.018988Z,2026-10-02__grok-4.20-0309-non-reasoning__shifted_docground__api__docground-api-pilot-candidate-v1-api-numpy-reshape__r1,42136abb2b6238324aa879bad7bad0edf9d67b30910c905574264e531fc16039,8fa29cfe0ea312c63b54740eaea00742b5be8882e4a3f04b0f6bd71e3c8b030b,raw/2026-10-02__grok-4.20-0309-non-reasoning__shifted_docground__api__docground-api-pilot-candidate-v1-api-numpy-reshape__r1/run_manifest.json,raw/2026-10-02__grok-4.20-0309-non-reasoning__shifted_docground__api__docground-api-pilot-candidate-v1-api-numpy-reshape__r1/evaluation.json,raw/2026-10-02__grok-4.20-0309-non-reasoning__shifted_docground__api__docground-api-pilot-candidate-v1-api-numpy-reshape__r1/response.txt
2026-10-02__grok-4.20-0309-non-reasoning__shifted_docground__api__docground-api-pilot-candidate-v1-api-pandas-groupby__r1,xai,grok-4.20-0309-non-reasoning,api-pandas-groupby,shifted_docground,1,512,,complete,stop,200,,442,62,0.0007075,2.306,pass,pass,pass,not_detected,pass,00332f0e-6276-4378-a0e8-34d5a78a9946,00332f0e-6276-4378-a0e8-34d5a78a9946,2026-10-02T09:06:56.464370Z,2026-10-02__grok-4.20-0309-non-reasoning__shifted_docground__api__docground-api-pilot-candidate-v1-api-pandas-groupby__r1,54b75e7fe55106dc87b62fdbf6c8671865c379472aff6c926193b4a2d3f3a0ef,b7df652d0e248752289ec88e659e53554cec268be6012641881bdd360ae10e35,raw/2026-10-02__grok-4.20-0309-non-reasoning__shifted_docground__api__docground-api-pilot-candidate-v1-api-pandas-groupby__r1/run_manifest.json,raw/2026-10-02__grok-4.20-0309-non-reasoning__shifted_docground__api__docground-api-pilot-candidate-v1-api-pandas-groupby__r1/evaluation.json,raw/2026-10-02__grok-4.20-0309-non-reasoning__shifted_docground__api__docground-api-pilot-candidate-v1-api-pandas-groupby__r1/response.txt
2026-10-02__grok-4.20-0309-non-reasoning__shifted_docground__api__docground-api-pilot-candidate-v1-api-pandas-merge__r1,xai,grok-4.20-0309-non-reasoning,api-pandas-merge,shifted_docground,1,512,,complete,stop,200,,449,75,0.00074875,5.06,pass,pass,pass,not_detected,pass,6d85093f-1dcc-437f-b024-7af285909c7c,6d85093f-1dcc-437f-b024-7af285909c7c,2026-10-02T09:07:09.521809Z,2026-10-02__grok-4.20-0309-non-reasoning__shifted_docground__api__docground-api-pilot-candidate-v1-api-pandas-merge__r1,3f47b80f1b5d255d8c794996d3e0ab7574720da9ecf2759436af7e07598dddd8,7cb093b0a11d6682d6d8cc45e691e0cc21d90e21d6eb1b1bf2df9e4008c1da0d,raw/2026-10-02__grok-4.20-0309-non-reasoning__shifted_docground__api__docground-api-pilot-candidate-v1-api-pandas-merge__r1/run_manifest.json,raw/2026-10-02__grok-4.20-0309-non-reasoning__shifted_docground__api__docground-api-pilot-candidate-v1-api-pandas-merge__r1/evaluation.json,raw/2026-10-02__grok-4.20-0309-non-reasoning__shifted_docground__api__docground-api-pilot-candidate-v1-api-pandas-merge__r1/response.txt
2026-10-02__grok-4.20-0309-non-reasoning__shifted_docground__api__docground-api-pilot-candidate-v1-api-requests-get-json__r1,xai,grok-4.20-0309-non-reasoning,api-requests-get-json,shifted_docground,1,512,,complete,stop,200,,271,63,0.00049625,2.77,pass,pass,pass,not_detected,fail,7466ee05-1034-4f92-8966-c5614c193cc2,7466ee05-1034-4f92-8966-c5614c193cc2,2026-10-02T09:07:45.940949Z,2026-10-02__grok-4.20-0309-non-reasoning__shifted_docground__api__docground-api-pilot-candidate-v1-api-requests-get-json__r1,2ea67255281b9bc2bed130f328d157a3fbd16cd2ead3746c0c114cf0d5ee7d77,143203aa2b8ac09b80be42b4c406f3784ce7c4cdc97522c1aeab0d3f4d0b7a76,raw/2026-10-02__grok-4.20-0309-non-reasoning__shifted_docground__api__docground-api-pilot-candidate-v1-api-requests-get-json__r1/run_manifest.json,raw/2026-10-02__grok-4.20-0309-non-reasoning__shifted_docground__api__docground-api-pilot-candidate-v1-api-requests-get-json__r1/evaluation.json,raw/2026-10-02__grok-4.20-0309-non-reasoning__shifted_docground__api__docground-api-pilot-candidate-v1-api-requests-get-json__r1/response.txt
2026-10-02__grok-4.20-0309-non-reasoning__shifted_docground__api__docground-api-pilot-candidate-v1-api-requests-post-json__r1,xai,grok-4.20-0309-non-reasoning,api-requests-post-json,shifted_docground,1,512,,complete,stop,200,,269,53,0.00046875,4.351,pass,pass,pass,not_detected,pass,a5520a96-8f0b-42e8-8812-46ac7c289f6a,a5520a96-8f0b-42e8-8812-46ac7c289f6a,2026-10-02T09:07:57.252777Z,2026-10-02__grok-4.20-0309-non-reasoning__shifted_docground__api__docground-api-pilot-candidate-v1-api-requests-post-json__r1,b01cf352012623fae4dfc2f40fab6acfda7741a1a6be7488f456cd4336431300,767d8f8536322066b1d65038617d687a830fcd2df5b8b3fbab71b346eaadd129,raw/2026-10-02__grok-4.20-0309-non-reasoning__shifted_docground__api__docground-api-pilot-candidate-v1-api-requests-post-json__r1/run_manifest.json,raw/2026-10-02__grok-4.20-0309-non-reasoning__shifted_docground__api__docground-api-pilot-candidate-v1-api-requests-post-json__r1/evaluation.json,raw/2026-10-02__grok-4.20-0309-non-reasoning__shifted_docground__api__docground-api-pilot-candidate-v1-api-requests-post-json__r1/response.txt
2026-10-02__grok-4.20-0309-reasoning__baseline__api__docground-api-pilot-candidate-v1-api-numpy-norm__r1,xai,grok-4.20-0309-reasoning,api-numpy-norm,baseline,1,512,medium,transport_or_parse_error,,,URLError,,,,0.001,not_run,not_run,not_run,not_run,not_applicable,,,2026-10-02T09:08:36.788143Z,2026-10-02__grok-4.20-0309-reasoning__baseline__api__docground-api-pilot-candidate-v1-api-numpy-norm__r1,,32c484cfd2cee0bd9d6bb5ac814881f6715ba56233299b1ef8c702373c2d8134,raw/2026-10-02__grok-4.20-0309-reasoning__baseline__api__docground-api-pilot-candidate-v1-api-numpy-norm__r1/run_manifest.json,raw/2026-10-02__grok-4.20-0309-reasoning__baseline__api__docground-api-pilot-candidate-v1-api-numpy-norm__r1/evaluation.json,raw/2026-10-02__grok-4.20-0309-reasoning__baseline__api__docground-api-pilot-candidate-v1-api-numpy-norm__r1/response.txt
2026-10-02__grok-4.20-0309-reasoning__baseline__api__docground-api-pilot-candidate-v1-api-numpy-norm__r1__a2,xai,grok-4.20-0309-reasoning,api-numpy-norm,baseline,2,512,medium,transport_or_parse_error,,,URLError,,,,0.001,not_run,not_run,not_run,not_run,not_applicable,,,2026-10-02T09:08:37.410303Z,2026-10-02__grok-4.20-0309-reasoning__baseline__api__docground-api-pilot-candidate-v1-api-numpy-norm__r1__a2,,32c484cfd2cee0bd9d6bb5ac814881f6715ba56233299b1ef8c702373c2d8134,raw/2026-10-02__grok-4.20-0309-reasoning__baseline__api__docground-api-pilot-candidate-v1-api-numpy-norm__r1__a2/run_manifest.json,raw/2026-10-02__grok-4.20-0309-reasoning__baseline__api__docground-api-pilot-candidate-v1-api-numpy-norm__r1__a2/evaluation.json,raw/2026-10-02__grok-4.20-0309-reasoning__baseline__api__docground-api-pilot-candidate-v1-api-numpy-norm__r1__a2/response.txt
2026-10-02__grok-4.20-0309-reasoning__baseline__api__docground-api-pilot-candidate-v1-api-numpy-reshape__r1,xai,grok-4.20-0309-reasoning,api-numpy-reshape,baseline,1,512,medium,complete,stop,200,,69,33,0.00016875,4.699,pass,pass,pass,not_detected,not_applicable,575407b6-96bf-4f69-afed-4b5b7e3d1459,575407b6-96bf-4f69-afed-4b5b7e3d1459,2026-10-02T09:08:49.916602Z,2026-10-02__grok-4.20-0309-reasoning__baseline__api__docground-api-pilot-candidate-v1-api-numpy-reshape__r1,b6554b651d6b26090fcdce6cd7d77ae95fa9b6cffca121da0e4e996b72cadb5e,70d73a9cb7833510677bc641112e41d749a2e77d6f1d4c7c5a7c80352d636b03,raw/2026-10-02__grok-4.20-0309-reasoning__baseline__api__docground-api-pilot-candidate-v1-api-numpy-reshape__r1/run_manifest.json,raw/2026-10-02__grok-4.20-0309-reasoning__baseline__api__docground-api-pilot-candidate-v1-api-numpy-reshape__r1/evaluation.json,raw/2026-10-02__grok-4.20-0309-reasoning__baseline__api__docground-api-pilot-candidate-v1-api-numpy-reshape__r1/response.txt
2026-10-02__grok-4.20-0309-reasoning__baseline__api__docground-api-pilot-candidate-v1-api-pandas-groupby__r1,xai,grok-4.20-0309-reasoning,api-pandas-groupby,baseline,1,512,medium,transport_or_parse_error,,,URLError,,,,0.001,not_run,not_run,not_run,not_run,not_applicable,,,2026-10-02T09:08:02.015116Z,2026-10-02__grok-4.20-0309-reasoning__baseline__api__docground-api-pilot-candidate-v1-api-pandas-groupby__r1,,d736ddf801061f0b6244dfd95fd6594e6835bb2da14d2003a9c03ca34b84737d,raw/2026-10-02__grok-4.20-0309-reasoning__baseline__api__docground-api-pilot-candidate-v1-api-pandas-groupby__r1/run_manifest.json,raw/2026-10-02__grok-4.20-0309-reasoning__baseline__api__docground-api-pilot-candidate-v1-api-pandas-groupby__r1/evaluation.json,raw/2026-10-02__grok-4.20-0309-reasoning__baseline__api__docground-api-pilot-candidate-v1-api-pandas-groupby__r1/response.txt
2026-10-02__grok-4.20-0309-reasoning__baseline__api__docground-api-pilot-candidate-v1-api-pandas-groupby__r1__a2,xai,grok-4.20-0309-reasoning,api-pandas-groupby,baseline,2,512,medium,complete,stop,200,,58,65,0.000235,4.5,pass,pass,pass,not_detected,not_applicable,b773c97f-a97a-4689-9b96-95f6a5f84152,b773c97f-a97a-4689-9b96-95f6a5f84152,2026-10-02T09:08:02.841383Z,2026-10-02__grok-4.20-0309-reasoning__baseline__api__docground-api-pilot-candidate-v1-api-pandas-groupby__r1__a2,c71c1d2ad9c44c7cebc185aa728138296e62511b8f57e18acefe0664c08f3ff5,d736ddf801061f0b6244dfd95fd6594e6835bb2da14d2003a9c03ca34b84737d,raw/2026-10-02__grok-4.20-0309-reasoning__baseline__api__docground-api-pilot-candidate-v1-api-pandas-groupby__r1__a2/run_manifest.json,raw/2026-10-02__grok-4.20-0309-reasoning__baseline__api__docground-api-pilot-candidate-v1-api-pandas-groupby__r1__a2/evaluation.json,raw/2026-10-02__grok-4.20-0309-reasoning__baseline__api__docground-api-pilot-candidate-v1-api-pandas-groupby__r1__a2/response.txt
2026-10-02__grok-4.20-0309-reasoning__baseline__api__docground-api-pilot-candidate-v1-api-pandas-merge__r1,xai,grok-4.20-0309-reasoning,api-pandas-merge,baseline,1,512,medium,complete,stop,200,,62,79,0.000275,5.351,pass,pass,pass,not_detected,not_applicable,0ad848e1-fef0-48c4-aa3c-8441dd38b06e,0ad848e1-fef0-48c4-aa3c-8441dd38b06e,2026-10-02T09:08:18.075030Z,2026-10-02__grok-4.20-0309-reasoning__baseline__api__docground-api-pilot-candidate-v1-api-pandas-merge__r1,3f47b80f1b5d255d8c794996d3e0ab7574720da9ecf2759436af7e07598dddd8,148a2ee14ec59549fa9d874140b6e66d5c92a3b5d8b64bd8d95d88fe064a268e,raw/2026-10-02__grok-4.20-0309-reasoning__baseline__api__docground-api-pilot-candidate-v1-api-pandas-merge__r1/run_manifest.json,raw/2026-10-02__grok-4.20-0309-reasoning__baseline__api__docground-api-pilot-candidate-v1-api-pandas-merge__r1/evaluation.json,raw/2026-10-02__grok-4.20-0309-reasoning__baseline__api__docground-api-pilot-candidate-v1-api-pandas-merge__r1/response.txt
2026-10-02__grok-4.20-0309-reasoning__baseline__api__docground-api-pilot-candidate-v1-api-requests-get-json__r1,xai,grok-4.20-0309-reasoning,api-requests-get-json,baseline,1,512,medium,complete,stop,200,,78,59,0.000245,3.729,pass,pass,pass,not_detected,not_applicable,7f738938-c5d2-4c4f-812f-292a6855192e,7f738938-c5d2-4c4f-812f-292a6855192e,2026-10-02T09:09:09.796125Z,2026-10-02__grok-4.20-0309-reasoning__baseline__api__docground-api-pilot-candidate-v1-api-requests-get-json__r1,b3ae9e3f76941b9956443b6663b50f0c835a432d764c7df871c603b088c9cae3,bfb0de9a2362a39b73c9c0fe94bdcbc7ac9938e9cb19665a03dfd1cab6bf6cf2,raw/2026-10-02__grok-4.20-0309-reasoning__baseline__api__docground-api-pilot-candidate-v1-api-requests-get-json__r1/run_manifest.json,raw/2026-10-02__grok-4.20-0309-reasoning__baseline__api__docground-api-pilot-candidate-v1-api-requests-get-json__r1/evaluation.json,raw/2026-10-02__grok-4.20-0309-reasoning__baseline__api__docground-api-pilot-candidate-v1-api-requests-get-json__r1/response.txt
2026-10-02__grok-4.20-0309-reasoning__baseline__api__docground-api-pilot-candidate-v1-api-requests-post-json__r1,xai,grok-4.20-0309-reasoning,api-requests-post-json,baseline,1,512,medium,complete,stop,200,,83,45,0.00021625,3.879,pass,fail,pass,not_detected,not_applicable,375e2a2e-9554-4f40-a8e8-f125ef1bedda,375e2a2e-9554-4f40-a8e8-f125ef1bedda,2026-10-02T09:09:27.049755Z,2026-10-02__grok-4.20-0309-reasoning__baseline__api__docground-api-pilot-candidate-v1-api-requests-post-json__r1,8ef05aca21b183286aae5d727ef49b459d2a4a1cfeed8da8c337374a218a4ca3,af271d85fb20215c8113efae8ee5c1d3bf3505b4ced9da57ca48b13c5bd175cf,raw/2026-10-02__grok-4.20-0309-reasoning__baseline__api__docground-api-pilot-candidate-v1-api-requests-post-json__r1/run_manifest.json,raw/2026-10-02__grok-4.20-0309-reasoning__baseline__api__docground-api-pilot-candidate-v1-api-requests-post-json__r1/evaluation.json,raw/2026-10-02__grok-4.20-0309-reasoning__baseline__api__docground-api-pilot-candidate-v1-api-requests-post-json__r1/response.txt
2026-10-02__grok-4.20-0309-reasoning__shifted_baseline__api__docground-api-pilot-candidate-v1-api-numpy-norm__r1,xai,grok-4.20-0309-reasoning,api-numpy-norm,shifted_baseline,1,512,medium,complete,stop,200,,62,27,0.000145,6.018,pass,pass,pass,not_detected,pass,54969641-037b-4406-9c70-14cb4bba2d5c,54969641-037b-4406-9c70-14cb4bba2d5c,2026-10-02T09:08:37.899012Z,2026-10-02__grok-4.20-0309-reasoning__shifted_baseline__api__docground-api-pilot-candidate-v1-api-numpy-norm__r1,74a929760064e17bddf6a2ee52e93310d886903b1ef45c0c70170afef3c45111,0fd96b182347686af0f378acae420137913e5b1d5a86db0603082f6e4689396d,raw/2026-10-02__grok-4.20-0309-reasoning__shifted_baseline__api__docground-api-pilot-candidate-v1-api-numpy-norm__r1/run_manifest.json,raw/2026-10-02__grok-4.20-0309-reasoning__shifted_baseline__api__docground-api-pilot-candidate-v1-api-numpy-norm__r1/evaluation.json,raw/2026-10-02__grok-4.20-0309-reasoning__shifted_baseline__api__docground-api-pilot-candidate-v1-api-numpy-norm__r1/response.txt
2026-10-02__grok-4.20-0309-reasoning__shifted_baseline__api__docground-api-pilot-candidate-v1-api-numpy-reshape__r1,xai,grok-4.20-0309-reasoning,api-numpy-reshape,shifted_baseline,1,512,medium,complete,stop,200,,63,56,0.00021875,6.611,pass,pass,pass,not_detected,pass,65a79ada-b47f-4a33-9e20-3187f81514a4,65a79ada-b47f-4a33-9e20-3187f81514a4,2026-10-02T09:08:55.100693Z,2026-10-02__grok-4.20-0309-reasoning__shifted_baseline__api__docground-api-pilot-candidate-v1-api-numpy-reshape__r1,42136abb2b6238324aa879bad7bad0edf9d67b30910c905574264e531fc16039,365e1d8b8a8d46eaf12aa33842d367328e138d9487e71daedcc99ee0759abb22,raw/2026-10-02__grok-4.20-0309-reasoning__shifted_baseline__api__docground-api-pilot-candidate-v1-api-numpy-reshape__r1/run_manifest.json,raw/2026-10-02__grok-4.20-0309-reasoning__shifted_baseline__api__docground-api-pilot-candidate-v1-api-numpy-reshape__r1/evaluation.json,raw/2026-10-02__grok-4.20-0309-reasoning__shifted_baseline__api__docground-api-pilot-candidate-v1-api-numpy-reshape__r1/response.txt
2026-10-02__grok-4.20-0309-reasoning__shifted_baseline__api__docground-api-pilot-candidate-v1-api-pandas-groupby__r1,xai,grok-4.20-0309-reasoning,api-pandas-groupby,shifted_baseline,1,512,medium,transport_or_parse_error,,,URLError,,,,0.001,not_run,not_run,not_run,not_run,not_applicable,,,2026-10-02T09:08:08.042300Z,2026-10-02__grok-4.20-0309-reasoning__shifted_baseline__api__docground-api-pilot-candidate-v1-api-pandas-groupby__r1,,29687cd6f8f316148459d059058a88a44f31728fa5c4800e9185c7329956d323,raw/2026-10-02__grok-4.20-0309-reasoning__shifted_baseline__api__docground-api-pilot-candidate-v1-api-pandas-groupby__r1/run_manifest.json,raw/2026-10-02__grok-4.20-0309-reasoning__shifted_baseline__api__docground-api-pilot-candidate-v1-api-pandas-groupby__r1/evaluation.json,raw/2026-10-02__grok-4.20-0309-reasoning__shifted_baseline__api__docground-api-pilot-candidate-v1-api-pandas-groupby__r1/response.txt
2026-10-02__grok-4.20-0309-reasoning__shifted_baseline__api__docground-api-pilot-candidate-v1-api-pandas-groupby__r1__a2,xai,grok-4.20-0309-reasoning,api-pandas-groupby,shifted_baseline,2,512,medium,complete,stop,200,,68,51,0.0002125,4.888,pass,fail,pass,not_detected,pass,5c647caa-3dc3-4b10-b82a-b98d27503b8f,5c647caa-3dc3-4b10-b82a-b98d27503b8f,2026-10-02T09:08:08.516838Z,2026-10-02__grok-4.20-0309-reasoning__shifted_baseline__api__docground-api-pilot-candidate-v1-api-pandas-groupby__r1__a2,831b887cfde9526d989a01a206191a2f22e13776f4d0258ad27fac213791089e,29687cd6f8f316148459d059058a88a44f31728fa5c4800e9185c7329956d323,raw/2026-10-02__grok-4.20-0309-reasoning__shifted_baseline__api__docground-api-pilot-candidate-v1-api-pandas-groupby__r1__a2/run_manifest.json,raw/2026-10-02__grok-4.20-0309-reasoning__shifted_baseline__api__docground-api-pilot-candidate-v1-api-pandas-groupby__r1__a2/evaluation.json,raw/2026-10-02__grok-4.20-0309-reasoning__shifted_baseline__api__docground-api-pilot-candidate-v1-api-pandas-groupby__r1__a2/response.txt
2026-10-02__grok-4.20-0309-reasoning__shifted_baseline__api__docground-api-pilot-candidate-v1-api-pandas-merge__r1,xai,grok-4.20-0309-reasoning,api-pandas-merge,shifted_baseline,1,512,medium,transport_or_parse_error,,,URLError,,,,0.001,not_run,not_run,not_run,not_run,not_applicable,,,2026-10-02T09:08:23.889655Z,2026-10-02__grok-4.20-0309-reasoning__shifted_baseline__api__docground-api-pilot-candidate-v1-api-pandas-merge__r1,,d7e9048a7328e575662bfc962fddc5dbdf96fab639a9d68ee4fc532ae5d58654,raw/2026-10-02__grok-4.20-0309-reasoning__shifted_baseline__api__docground-api-pilot-candidate-v1-api-pandas-merge__r1/run_manifest.json,raw/2026-10-02__grok-4.20-0309-reasoning__shifted_baseline__api__docground-api-pilot-candidate-v1-api-pandas-merge__r1/evaluation.json,raw/2026-10-02__grok-4.20-0309-reasoning__shifted_baseline__api__docground-api-pilot-candidate-v1-api-pandas-merge__r1/response.txt
2026-10-02__grok-4.20-0309-reasoning__shifted_baseline__api__docground-api-pilot-candidate-v1-api-pandas-merge__r1__a2,xai,grok-4.20-0309-reasoning,api-pandas-merge,shifted_baseline,2,512,medium,complete,stop,200,,71,87,0.00030625,5.088,pass,pass,pass,not_detected,pass,122a672c-7ff0-4387-9788-be91b5670232,122a672c-7ff0-4387-9788-be91b5670232,2026-10-02T09:08:24.681456Z,2026-10-02__grok-4.20-0309-reasoning__shifted_baseline__api__docground-api-pilot-candidate-v1-api-pandas-merge__r1__a2,3f47b80f1b5d255d8c794996d3e0ab7574720da9ecf2759436af7e07598dddd8,d7e9048a7328e575662bfc962fddc5dbdf96fab639a9d68ee4fc532ae5d58654,raw/2026-10-02__grok-4.20-0309-reasoning__shifted_baseline__api__docground-api-pilot-candidate-v1-api-pandas-merge__r1__a2/run_manifest.json,raw/2026-10-02__grok-4.20-0309-reasoning__shifted_baseline__api__docground-api-pilot-candidate-v1-api-pandas-merge__r1__a2/evaluation.json,raw/2026-10-02__grok-4.20-0309-reasoning__shifted_baseline__api__docground-api-pilot-candidate-v1-api-pandas-merge__r1__a2/response.txt
2026-10-02__grok-4.20-0309-reasoning__shifted_baseline__api__docground-api-pilot-candidate-v1-api-requests-get-json__r1,xai,grok-4.20-0309-reasoning,api-requests-get-json,shifted_baseline,1,512,medium,complete,stop,200,,73,50,0.00021625,6.313,pass,pass,pass,not_detected,pass,92b59d93-fdbf-4e77-b7df-eeb8e2005bbf,92b59d93-fdbf-4e77-b7df-eeb8e2005bbf,2026-10-02T09:09:14.390641Z,2026-10-02__grok-4.20-0309-reasoning__shifted_baseline__api__docground-api-pilot-candidate-v1-api-requests-get-json__r1,b3ae9e3f76941b9956443b6663b50f0c835a432d764c7df871c603b088c9cae3,b191fed143a9395141944e39c9feac172bfe25a5e50aba0934690ea740ad5ff6,raw/2026-10-02__grok-4.20-0309-reasoning__shifted_baseline__api__docground-api-pilot-candidate-v1-api-requests-get-json__r1/run_manifest.json,raw/2026-10-02__grok-4.20-0309-reasoning__shifted_baseline__api__docground-api-pilot-candidate-v1-api-requests-get-json__r1/evaluation.json,raw/2026-10-02__grok-4.20-0309-reasoning__shifted_baseline__api__docground-api-pilot-candidate-v1-api-requests-get-json__r1/response.txt
2026-10-02__grok-4.20-0309-reasoning__shifted_baseline__api__docground-api-pilot-candidate-v1-api-requests-post-json__r1,xai,grok-4.20-0309-reasoning,api-requests-post-json,shifted_baseline,1,512,medium,complete,stop,200,,75,56,0.00023375,5.572,pass,pass,pass,not_detected,pass,83897593-7aca-486d-9d79-51654ecca01a,83897593-7aca-486d-9d79-51654ecca01a,2026-10-02T09:09:31.509530Z,2026-10-02__grok-4.20-0309-reasoning__shifted_baseline__api__docground-api-pilot-candidate-v1-api-requests-post-json__r1,b01cf352012623fae4dfc2f40fab6acfda7741a1a6be7488f456cd4336431300,e0697861211b97ac02944f57f38ec3b98e2e5fa2150f5bfedc11fd089752b77e,raw/2026-10-02__grok-4.20-0309-reasoning__shifted_baseline__api__docground-api-pilot-candidate-v1-api-requests-post-json__r1/run_manifest.json,raw/2026-10-02__grok-4.20-0309-reasoning__shifted_baseline__api__docground-api-pilot-candidate-v1-api-requests-post-json__r1/evaluation.json,raw/2026-10-02__grok-4.20-0309-reasoning__shifted_baseline__api__docground-api-pilot-candidate-v1-api-requests-post-json__r1/response.txt
2026-10-02__grok-4.20-0309-reasoning__shifted_docground__api__docground-api-pilot-candidate-v1-api-numpy-norm__r1,xai,grok-4.20-0309-reasoning,api-numpy-norm,shifted_docground,1,512,medium,complete,stop,200,,305,35,0.00046875,4.964,pass,pass,pass,not_detected,pass,52addf86-d08d-42aa-895d-d66f33c13e06,52addf86-d08d-42aa-895d-d66f33c13e06,2026-10-02T09:08:44.358085Z,2026-10-02__grok-4.20-0309-reasoning__shifted_docground__api__docground-api-pilot-candidate-v1-api-numpy-norm__r1,74a929760064e17bddf6a2ee52e93310d886903b1ef45c0c70170afef3c45111,c1bb52eb1d5b4c4108d4595cc69a590e748de48d67ed6de162e420ab0ac0e5fa,raw/2026-10-02__grok-4.20-0309-reasoning__shifted_docground__api__docground-api-pilot-candidate-v1-api-numpy-norm__r1/run_manifest.json,raw/2026-10-02__grok-4.20-0309-reasoning__shifted_docground__api__docground-api-pilot-candidate-v1-api-numpy-norm__r1/evaluation.json,raw/2026-10-02__grok-4.20-0309-reasoning__shifted_docground__api__docground-api-pilot-candidate-v1-api-numpy-norm__r1/response.txt
2026-10-02__grok-4.20-0309-reasoning__shifted_docground__api__docground-api-pilot-candidate-v1-api-numpy-reshape__r1,xai,grok-4.20-0309-reasoning,api-numpy-reshape,shifted_docground,1,512,medium,incomplete_response,length,200,,310,512,0.0016675,6.378,fail,not_run,not_run,not_run,not_run,d786cf92-f73a-4800-8517-148d8234a71b,d786cf92-f73a-4800-8517-148d8234a71b,2026-10-02T09:09:02.498858Z,2026-10-02__grok-4.20-0309-reasoning__shifted_docground__api__docground-api-pilot-candidate-v1-api-numpy-reshape__r1,077bf34902b8eda43d2a3a9271efb8dd00bea29d13e8d8f13513ce9b6b1e40b9,8fa29cfe0ea312c63b54740eaea00742b5be8882e4a3f04b0f6bd71e3c8b030b,raw/2026-10-02__grok-4.20-0309-reasoning__shifted_docground__api__docground-api-pilot-candidate-v1-api-numpy-reshape__r1/run_manifest.json,raw/2026-10-02__grok-4.20-0309-reasoning__shifted_docground__api__docground-api-pilot-candidate-v1-api-numpy-reshape__r1/evaluation.json,raw/2026-10-02__grok-4.20-0309-reasoning__shifted_docground__api__docground-api-pilot-candidate-v1-api-numpy-reshape__r1/response.txt
2026-10-02__grok-4.20-0309-reasoning__shifted_docground__api__docground-api-pilot-candidate-v1-api-pandas-groupby__r1,xai,grok-4.20-0309-reasoning,api-pandas-groupby,shifted_docground,1,512,medium,complete,stop,200,,446,64,0.0007175,3.572,pass,pass,pass,not_detected,pass,32f915bb-a4ee-4aa7-8440-74c564304ed8,32f915bb-a4ee-4aa7-8440-74c564304ed8,2026-10-02T09:08:13.997249Z,2026-10-02__grok-4.20-0309-reasoning__shifted_docground__api__docground-api-pilot-candidate-v1-api-pandas-groupby__r1,54b75e7fe55106dc87b62fdbf6c8671865c379472aff6c926193b4a2d3f3a0ef,b7df652d0e248752289ec88e659e53554cec268be6012641881bdd360ae10e35,raw/2026-10-02__grok-4.20-0309-reasoning__shifted_docground__api__docground-api-pilot-candidate-v1-api-pandas-groupby__r1/run_manifest.json,raw/2026-10-02__grok-4.20-0309-reasoning__shifted_docground__api__docground-api-pilot-candidate-v1-api-pandas-groupby__r1/evaluation.json,raw/2026-10-02__grok-4.20-0309-reasoning__shifted_docground__api__docground-api-pilot-candidate-v1-api-pandas-groupby__r1/response.txt
2026-10-02__grok-4.20-0309-reasoning__shifted_docground__api__docground-api-pilot-candidate-v1-api-pandas-merge__r1,xai,grok-4.20-0309-reasoning,api-pandas-merge,shifted_docground,1,512,medium,complete,stop,200,,443,84,0.00076375,5.68,pass,pass,pass,not_detected,pass,1983d50c-2c43-43d2-a972-5a33977a5b81,1983d50c-2c43-43d2-a972-5a33977a5b81,2026-10-02T09:08:30.497856Z,2026-10-02__grok-4.20-0309-reasoning__shifted_docground__api__docground-api-pilot-candidate-v1-api-pandas-merge__r1,3f47b80f1b5d255d8c794996d3e0ab7574720da9ecf2759436af7e07598dddd8,7cb093b0a11d6682d6d8cc45e691e0cc21d90e21d6eb1b1bf2df9e4008c1da0d,raw/2026-10-02__grok-4.20-0309-reasoning__shifted_docground__api__docground-api-pilot-candidate-v1-api-pandas-merge__r1/run_manifest.json,raw/2026-10-02__grok-4.20-0309-reasoning__shifted_docground__api__docground-api-pilot-candidate-v1-api-pandas-merge__r1/evaluation.json,raw/2026-10-02__grok-4.20-0309-reasoning__shifted_docground__api__docground-api-pilot-candidate-v1-api-pandas-merge__r1/response.txt
2026-10-02__grok-4.20-0309-reasoning__shifted_docground__api__docground-api-pilot-candidate-v1-api-requests-get-json__r1,xai,grok-4.20-0309-reasoning,api-requests-get-json,shifted_docground,1,512,medium,complete,stop,200,,267,51,0.00046125,5.047,pass,fail,findings,not_detected,pass,af5770da-3afd-43d1-abd3-ec84243d5deb,af5770da-3afd-43d1-abd3-ec84243d5deb,2026-10-02T09:09:21.442306Z,2026-10-02__grok-4.20-0309-reasoning__shifted_docground__api__docground-api-pilot-candidate-v1-api-requests-get-json__r1,87052af6bea57ed34a3431a692ee159989f8e88afed21aba6bde317efcd4c6bb,143203aa2b8ac09b80be42b4c406f3784ce7c4cdc97522c1aeab0d3f4d0b7a76,raw/2026-10-02__grok-4.20-0309-reasoning__shifted_docground__api__docground-api-pilot-candidate-v1-api-requests-get-json__r1/run_manifest.json,raw/2026-10-02__grok-4.20-0309-reasoning__shifted_docground__api__docground-api-pilot-candidate-v1-api-requests-get-json__r1/evaluation.json,raw/2026-10-02__grok-4.20-0309-reasoning__shifted_docground__api__docground-api-pilot-candidate-v1-api-requests-get-json__r1/response.txt
2026-10-02__grok-4.20-0309-reasoning__shifted_docground__api__docground-api-pilot-candidate-v1-api-requests-post-json__r1,xai,grok-4.20-0309-reasoning,api-requests-post-json,shifted_docground,1,512,medium,complete,stop,200,,284,49,0.0004775,6.171,pass,pass,pass,not_detected,pass,2406ac2b-75a3-4111-a769-68cae84c84cf,2406ac2b-75a3-4111-a769-68cae84c84cf,2026-10-02T09:09:37.608988Z,2026-10-02__grok-4.20-0309-reasoning__shifted_docground__api__docground-api-pilot-candidate-v1-api-requests-post-json__r1,b01cf352012623fae4dfc2f40fab6acfda7741a1a6be7488f456cd4336431300,767d8f8536322066b1d65038617d687a830fcd2df5b8b3fbab71b346eaadd129,raw/2026-10-02__grok-4.20-0309-reasoning__shifted_docground__api__docground-api-pilot-candidate-v1-api-requests-post-json__r1/run_manifest.json,raw/2026-10-02__grok-4.20-0309-reasoning__shifted_docground__api__docground-api-pilot-candidate-v1-api-requests-post-json__r1/evaluation.json,raw/2026-10-02__grok-4.20-0309-reasoning__shifted_docground__api__docground-api-pilot-candidate-v1-api-requests-post-json__r1/response.txt
