provider,model_id,canonical_id,variant_kind,task_id,baseline_generation_status,baseline_functional_status,baseline_syntax_status,baseline_security_status,baseline_hallucination_status,baseline_finish_reason,baseline_http_status,baseline_max_tokens,baseline_estimated_cost_usd,baseline_request_matches_current_config,shifted_baseline_generation_status,shifted_baseline_functional_status,shifted_baseline_syntax_status,shifted_baseline_security_status,shifted_baseline_hallucination_status,shifted_baseline_finish_reason,shifted_baseline_http_status,shifted_baseline_max_tokens,shifted_baseline_estimated_cost_usd,shifted_baseline_request_matches_current_config,shifted_docground_generation_status,shifted_docground_functional_status,shifted_docground_syntax_status,shifted_docground_security_status,shifted_docground_hallucination_status,shifted_docground_finish_reason,shifted_docground_http_status,shifted_docground_max_tokens,shifted_docground_estimated_cost_usd,shifted_docground_request_matches_current_config,pair_generation_status,grounding_core_pair_generation_status
glm,glm-4.5,glm-4.5,catalog_entry,api-pandas-groupby,incomplete_response,not_run,not_run,not_run,not_run,length,200.0,512,0.0011594,True,complete,pass,pass,pass,not_detected,stop,200,512,0.0010742,True,complete,pass,pass,pass,not_detected,stop,200.0,512,0.0005316,True,mixed_generation_pair,complete_pair
glm,glm-4.5,glm-4.5,catalog_entry,api-pandas-merge,incomplete_response,not_run,not_run,not_run,not_run,length,200.0,512,0.0011654,True,incomplete_response,not_run,not_run,not_run,not_run,length,200,512,0.0011732000000000001,True,incomplete_response,not_run,not_run,not_run,not_run,length,200.0,512,0.0013874,True,incomplete_pair,incomplete_pair
glm,glm-4.5,glm-4.5,catalog_entry,api-numpy-norm,incomplete_response,not_run,not_run,not_run,not_run,length,200.0,512,0.0011516000000000002,True,complete,pass,pass,pass,not_detected,stop,200,512,0.0007854000000000001,True,complete,pass,pass,pass,not_detected,stop,200.0,512,0.000695,True,mixed_generation_pair,complete_pair
glm,glm-4.5,glm-4.5,catalog_entry,api-numpy-reshape,incomplete_response,not_run,not_run,not_run,not_run,length,200.0,512,0.0011612,True,complete,pass,pass,pass,not_detected,stop,200,512,0.0008116000000000001,True,complete,pass,pass,pass,not_detected,stop,200.0,512,0.0005847999999999999,True,mixed_generation_pair,complete_pair
glm,glm-4.5,glm-4.5,catalog_entry,api-requests-get-json,incomplete_response,not_run,not_run,not_run,not_run,length,200.0,512,0.0011648000000000001,True,complete,pass,pass,pass,not_detected,stop,200,512,0.0008688000000000001,True,complete,pass,pass,pass,not_detected,stop,200.0,512,0.00040260000000000003,True,mixed_generation_pair,complete_pair
glm,glm-4.5,glm-4.5,catalog_entry,api-requests-post-json,incomplete_response,not_run,fail,not_run,not_run,length,200.0,512,0.0011702000000000001,True,complete,pass,pass,pass,not_detected,stop,200,512,0.0008284000000000001,True,incomplete_response,not_run,fail,not_run,not_run,length,200.0,512,0.0012884,True,mixed_generation_pair,mixed_generation_pair
glm,glm-4.5-air,glm-4.5-air,catalog_entry,api-pandas-groupby,incomplete_response,pass,pass,pass,not_detected,length,200.0,512,0.0005742000000000001,True,incomplete_response,pass,pass,pass,not_detected,length,200,512,0.0005766,True,incomplete_response,not_run,not_run,not_run,not_run,length,200.0,512,0.000648,True,incomplete_pair,incomplete_pair
glm,glm-4.5-air,glm-4.5-air,catalog_entry,api-pandas-merge,incomplete_response,not_run,not_run,not_run,not_run,length,200.0,512,0.0005762,True,complete,fail,pass,pass,not_detected,stop,200,512,0.0004974000000000001,True,incomplete_response,not_run,not_run,not_run,not_run,length,200.0,512,0.0006502000000000001,True,mixed_generation_pair,mixed_generation_pair
glm,glm-4.5-air,glm-4.5-air,catalog_entry,api-numpy-norm,incomplete_response,not_run,fail,not_run,not_run,length,200.0,512,0.0005716,True,complete,pass,pass,pass,not_detected,stop,200,512,0.000187,True,incomplete_response,not_run,not_run,not_run,not_run,length,200.0,512,0.0006218,True,mixed_generation_pair,mixed_generation_pair
glm,glm-4.5-air,glm-4.5-air,catalog_entry,api-numpy-reshape,incomplete_response,not_run,fail,not_run,not_run,length,200.0,512,0.0005748000000000001,True,complete,pass,pass,pass,not_detected,stop,200,512,0.0003292,True,incomplete_response,not_run,fail,not_run,not_run,length,200.0,512,0.0006232000000000001,True,mixed_generation_pair,mixed_generation_pair
glm,glm-4.5-air,glm-4.5-air,catalog_entry,api-requests-get-json,incomplete_response,not_run,not_run,not_run,not_run,length,200.0,512,0.000576,True,complete,pass,pass,pass,not_detected,stop,200,512,0.00021810000000000002,True,complete,pass,pass,pass,not_detected,stop,200.0,512,0.00032120000000000006,True,mixed_generation_pair,complete_pair
glm,glm-4.5-air,glm-4.5-air,catalog_entry,api-requests-post-json,incomplete_response,not_run,not_run,not_run,not_run,length,200.0,512,0.0005778000000000001,True,complete,pass,pass,pass,not_detected,stop,200,512,0.00020720000000000002,True,complete,pass,pass,pass,not_detected,stop,200.0,512,0.0003345,True,mixed_generation_pair,complete_pair
glm,glm-4.6,glm-4.6,catalog_entry,api-pandas-groupby,incomplete_response,not_run,not_run,not_run,not_run,length,200.0,512,0.0011594,True,complete,pass,pass,pass,not_detected,stop,200,512,0.000984,True,incomplete_response,not_run,fail,not_run,not_run,length,200.0,512,0.0013808000000000002,True,mixed_generation_pair,mixed_generation_pair
glm,glm-4.6,glm-4.6,catalog_entry,api-pandas-merge,incomplete_response,not_run,not_run,not_run,not_run,length,200.0,512,0.0011654,True,incomplete_response,not_run,not_run,not_run,not_run,length,200,512,0.0011732000000000001,True,incomplete_response,not_run,not_run,not_run,not_run,length,200.0,512,0.0013874,True,incomplete_pair,incomplete_pair
glm,glm-4.6,glm-4.6,catalog_entry,api-numpy-norm,incomplete_response,not_run,not_run,not_run,not_run,length,200.0,512,0.0011516000000000002,True,complete,pass,pass,pass,not_detected,stop,200,512,0.0008712,True,complete,pass,pass,pass,not_detected,stop,200.0,512,0.0005872000000000001,True,mixed_generation_pair,complete_pair
glm,glm-4.6,glm-4.6,catalog_entry,api-numpy-reshape,incomplete_response,not_run,not_run,not_run,not_run,length,200.0,512,0.0011612,True,complete,pass,pass,pass,not_detected,stop,200,512,0.0009436000000000002,True,complete,pass,pass,pass,not_detected,stop,200.0,512,0.0010292,True,mixed_generation_pair,complete_pair
glm,glm-4.6,glm-4.6,catalog_entry,api-requests-get-json,incomplete_response,not_run,not_run,not_run,not_run,length,200.0,512,0.0011648000000000001,True,complete,pass,pass,pass,not_detected,stop,200,512,0.0008754,True,complete,pass,pass,pass,not_detected,stop,200.0,512,0.00040260000000000003,True,mixed_generation_pair,complete_pair
glm,glm-4.6,glm-4.6,catalog_entry,api-requests-post-json,incomplete_response,not_run,not_run,not_run,not_run,length,200.0,512,0.0011702000000000001,True,complete,pass,pass,pass,not_detected,stop,200,512,0.0008284000000000001,True,complete,pass,pass,pass,not_detected,stop,200.0,512,0.001218,True,mixed_generation_pair,complete_pair
glm,glm-4.7,glm-4.7,catalog_entry,api-pandas-groupby,incomplete_response,not_run,not_run,not_run,not_run,length,200.0,512,0.0011594,True,incomplete_response,not_run,fail,not_run,not_run,length,200,512,0.0011666,True,complete,pass,pass,pass,not_detected,stop,200.0,512,0.0011718000000000002,True,incomplete_pair,mixed_generation_pair
glm,glm-4.7,glm-4.7,catalog_entry,api-pandas-merge,incomplete_response,not_run,not_run,not_run,not_run,length,200.0,512,0.0011654,True,incomplete_response,not_run,not_run,not_run,not_run,length,200,512,0.0011732000000000001,True,complete,pass,pass,pass,not_detected,stop,200.0,512,0.0013214000000000001,True,incomplete_pair,mixed_generation_pair
glm,glm-4.7,glm-4.7,catalog_entry,api-numpy-norm,incomplete_response,not_run,not_run,not_run,not_run,length,200.0,512,0.0011516000000000002,True,complete,pass,pass,pass,not_detected,stop,200,512,0.0007788000000000001,True,complete,pass,pass,pass,not_detected,stop,200.0,512,0.0011372,True,mixed_generation_pair,complete_pair
glm,glm-4.7,glm-4.7,catalog_entry,api-numpy-reshape,incomplete_response,not_run,not_run,not_run,not_run,length,200.0,512,0.0011612,True,complete,pass,pass,pass,not_detected,stop,200,512,0.0003672,True,complete,pass,pass,pass,not_detected,stop,200.0,512,0.0005694000000000001,True,mixed_generation_pair,complete_pair
glm,glm-4.7,glm-4.7,catalog_entry,api-requests-get-json,incomplete_response,not_run,not_run,not_run,not_run,length,200.0,512,0.0011648000000000001,True,complete,pass,pass,pass,not_detected,stop,200,512,0.0009634,True,complete,pass,pass,pass,not_detected,stop,200.0,512,0.000407,True,mixed_generation_pair,complete_pair
glm,glm-4.7,glm-4.7,catalog_entry,api-requests-post-json,incomplete_response,not_run,not_run,not_run,not_run,length,200.0,512,0.0011702000000000001,True,complete,pass,pass,pass,not_detected,stop,200,512,0.0008372000000000001,True,complete,pass,pass,pass,not_detected,stop,200.0,512,0.001218,True,mixed_generation_pair,complete_pair
glm,glm-5,glm-5,catalog_entry,api-pandas-groupby,incomplete_response,not_run,not_run,not_run,not_run,length,200.0,512,0.0017004000000000001,True,complete,pass,pass,pass,not_detected,stop,200,512,0.000858,True,complete,pass,pass,pass,not_detected,stop,200.0,512,0.0013174,True,mixed_generation_pair,complete_pair
glm,glm-5,glm-5,catalog_entry,api-pandas-merge,complete,pass,pass,pass,not_detected,stop,200.0,512,0.0016368,True,incomplete_response,not_run,not_run,not_run,not_run,length,200,512,0.0017234000000000001,True,incomplete_response,not_run,not_run,not_run,not_run,length,200.0,512,0.0020804,True,mixed_generation_pair,incomplete_pair
glm,glm-5,glm-5,catalog_entry,api-numpy-norm,complete,pass,pass,pass,not_detected,stop,200.0,512,0.0009994000000000001,True,complete,pass,pass,pass,not_detected,stop,200,512,0.0012172,True,incomplete_response,not_run,not_run,not_run,not_run,length,200.0,512,0.0019384,True,complete_pair,mixed_generation_pair
glm,glm-5,glm-5,catalog_entry,api-numpy-reshape,incomplete_response,not_run,not_run,not_run,not_run,length,200.0,512,0.0017034,True,incomplete_response,not_run,fail,not_run,not_run,length,200,512,0.0017074000000000002,True,incomplete_response,not_run,fail,not_run,not_run,length,200.0,512,0.0019454000000000001,True,incomplete_pair,incomplete_pair
glm,glm-5,glm-5,catalog_entry,api-requests-get-json,incomplete_response,not_run,not_run,not_run,not_run,length,200.0,512,0.0017094,True,complete,pass,pass,pass,not_detected,stop,200,512,0.00064,True,complete,pass,pass,pass,not_detected,stop,200.0,512,0.000751,True,mixed_generation_pair,complete_pair
glm,glm-5,glm-5,catalog_entry,api-requests-post-json,incomplete_response,not_run,not_run,not_run,not_run,length,200.0,512,0.0017184000000000001,True,complete,pass,pass,pass,not_detected,stop,200,512,0.00111,True,complete,pass,pass,pass,not_detected,stop,200.0,512,0.0007762,True,mixed_generation_pair,complete_pair
glm,glm-5-turbo,glm-5-turbo,catalog_entry,api-pandas-groupby,incomplete_response,not_run,not_run,not_run,not_run,length,200.0,512,0.00567,True,complete,pass,pass,pass,not_detected,stop,200,512,0.00532,True,complete,pass,pass,pass,not_detected,stop,200.0,512,0.00862,True,mixed_generation_pair,complete_pair
glm,glm-5-turbo,glm-5-turbo,catalog_entry,api-pandas-merge,incomplete_response,not_run,not_run,not_run,not_run,length,200.0,512,0.00577,True,incomplete_response,not_run,not_run,not_run,not_run,length,200,512,0.0059,True,complete,pass,pass,pass,not_detected,stop,200.0,512,0.0091,True,incomplete_pair,mixed_generation_pair
glm,glm-5-turbo,glm-5-turbo,catalog_entry,api-numpy-norm,incomplete_response,not_run,not_run,not_run,not_run,length,200.0,512,0.00554,True,complete,pass,pass,pass,not_detected,stop,200,512,0.00446,True,complete,pass,pass,pass,not_detected,stop,200.0,512,0.00726,True,mixed_generation_pair,complete_pair
glm,glm-5-turbo,glm-5-turbo,catalog_entry,api-numpy-reshape,incomplete_response,not_run,not_run,not_run,not_run,length,200.0,512,0.0057,True,complete,pass,pass,pass,not_detected,stop,200,512,0.0056,True,complete,pass,pass,pass,not_detected,stop,200.0,512,0.00469,True,mixed_generation_pair,complete_pair
glm,glm-5-turbo,glm-5-turbo,catalog_entry,api-requests-get-json,incomplete_response,not_run,not_run,not_run,not_run,length,200.0,512,0.00576,True,complete,pass,pass,pass,not_detected,stop,200,512,0.00449,True,complete,pass,pass,pass,not_detected,stop,200.0,512,0.00377,True,mixed_generation_pair,complete_pair
glm,glm-5-turbo,glm-5-turbo,catalog_entry,api-requests-post-json,incomplete_response,not_run,fail,not_run,not_run,length,200.0,512,0.00585,True,complete,pass,pass,pass,not_detected,stop,200,512,0.00428,True,complete,pass,pass,pass,not_detected,stop,200.0,512,0.00771,True,mixed_generation_pair,complete_pair
glm,glm-5.1,glm-5.1,catalog_entry,api-pandas-groupby,incomplete_response,not_run,not_run,not_run,not_run,length,200.0,512,0.0023298000000000004,True,complete,pass,pass,pass,not_detected,stop,200,512,0.0018362,True,complete,pass,pass,pass,not_detected,stop,200.0,512,0.0016715999999999999,True,mixed_generation_pair,complete_pair
glm,glm-5.1,glm-5.1,catalog_entry,api-pandas-merge,incomplete_response,not_run,not_run,not_run,not_run,length,200.0,512,0.0023438,True,incomplete_response,not_run,not_run,not_run,not_run,length,200,512,0.002362,True,incomplete_response,not_run,fail,not_run,not_run,length,200.0,512,0.0028618000000000003,True,incomplete_pair,incomplete_pair
glm,glm-5.1,glm-5.1,catalog_entry,api-numpy-norm,incomplete_response,not_run,fail,not_run,not_run,length,200.0,512,0.0023116000000000005,True,complete,pass,pass,pass,not_detected,stop,200,512,0.0017094,True,complete,pass,pass,pass,not_detected,stop,200.0,512,0.001321,True,mixed_generation_pair,complete_pair
glm,glm-5.1,glm-5.1,catalog_entry,api-numpy-reshape,incomplete_response,not_run,not_run,not_run,not_run,length,200.0,512,0.002334,True,complete,pass,pass,pass,not_detected,stop,200,512,0.0015388,True,complete,pass,pass,pass,not_detected,stop,200.0,512,0.0009392000000000001,True,mixed_generation_pair,complete_pair
glm,glm-5.1,glm-5.1,catalog_entry,api-requests-get-json,incomplete_response,not_run,not_run,not_run,not_run,length,200.0,512,0.0023424,True,complete,pass,pass,pass,not_detected,stop,200,512,0.0016378000000000002,True,complete,pass,pass,pass,not_detected,stop,200.0,512,0.0008667999999999999,True,mixed_generation_pair,complete_pair
glm,glm-5.1,glm-5.1,catalog_entry,api-requests-post-json,incomplete_response,not_run,not_run,not_run,not_run,length,200.0,512,0.002355,True,complete,pass,pass,pass,not_detected,stop,200,512,0.0016638,True,complete,pass,pass,pass,not_detected,stop,200.0,512,0.0023712000000000004,True,mixed_generation_pair,complete_pair
glm,glm-5.2,glm-5.2,catalog_entry,api-pandas-groupby,incomplete_response,not_run,not_run,not_run,not_run,length,200.0,512,0.0023396000000000003,True,complete,pass,pass,pass,not_detected,stop,200,512,0.001736,True,incomplete_response,not_run,fail,not_run,not_run,length,200.0,512,0.0028562,True,mixed_generation_pair,mixed_generation_pair
glm,glm-5.2,glm-5.2,catalog_entry,api-pandas-merge,incomplete_response,not_run,fail,not_run,not_run,length,200.0,512,0.0023536000000000004,True,incomplete_response,not_run,not_run,not_run,not_run,length,200,512,0.0023718000000000003,True,incomplete_response,not_run,fail,not_run,not_run,length,200.0,512,0.0028716,True,incomplete_pair,incomplete_pair
glm,glm-5.2,glm-5.2,catalog_entry,api-numpy-norm,complete,pass,pass,pass,not_detected,stop,200.0,512,0.0012874000000000002,True,complete,pass,pass,pass,not_detected,stop,200,512,0.0021108000000000003,True,complete,pass,pass,pass,not_detected,stop,200.0,512,0.0019556,True,complete_pair,complete_pair
glm,glm-5.2,glm-5.2,catalog_entry,api-numpy-reshape,complete,pass,pass,pass,not_detected,stop,200.0,512,0.001367,True,complete,pass,pass,pass,not_detected,stop,200,512,0.0010118,True,complete,pass,pass,pass,not_detected,stop,200.0,512,0.0020358000000000004,True,complete_pair,complete_pair
glm,glm-5.2,glm-5.2,catalog_entry,api-requests-get-json,incomplete_response,not_run,fail,not_run,not_run,length,200.0,512,0.0023522000000000005,True,complete,pass,pass,pass,not_detected,stop,200,512,0.0015112,True,complete,pass,pass,pass,not_detected,stop,200.0,512,0.0011494,True,mixed_generation_pair,complete_pair
glm,glm-5.2,glm-5.2,catalog_entry,api-requests-post-json,incomplete_response,not_run,fail,not_run,not_run,length,200.0,512,0.0023648000000000002,True,complete,pass,pass,pass,not_detected,stop,200,512,0.0011500000000000002,True,complete,pass,pass,pass,not_detected,stop,200.0,512,0.000951,True,mixed_generation_pair,complete_pair
glm,glm-5.3,glm-5.3,catalog_entry,api-pandas-groupby,incomplete_response,not_run,not_run,not_run,not_run,length,200.0,512,0.0023396000000000003,True,incomplete_response,not_run,fail,not_run,not_run,length,200,512,0.0023564000000000002,True,incomplete_response,not_run,not_run,not_run,not_run,length,200.0,512,0.0028562,True,incomplete_pair,incomplete_pair
glm,glm-5.3,glm-5.3,catalog_entry,api-pandas-merge,incomplete_response,not_run,not_run,not_run,not_run,length,200.0,512,0.0023536000000000004,True,incomplete_response,not_run,not_run,not_run,not_run,length,200,512,0.0023718000000000003,True,incomplete_response,not_run,not_run,not_run,not_run,length,200.0,512,0.0028716,True,incomplete_pair,incomplete_pair
glm,glm-5.3,glm-5.3,catalog_entry,api-numpy-norm,incomplete_response,not_run,not_run,not_run,not_run,length,200.0,512,0.0023214,True,complete,pass,pass,pass,not_detected,stop,200,512,0.0011164,True,incomplete_response,not_run,not_run,not_run,not_run,length,200.0,512,0.0026728000000000003,True,mixed_generation_pair,mixed_generation_pair
glm,glm-5.3,glm-5.3,catalog_entry,api-numpy-reshape,incomplete_response,not_run,not_run,not_run,not_run,length,200.0,512,0.0023438,True,incomplete_response,not_run,fail,not_run,not_run,length,200,512,0.0023494,True,incomplete_response,not_run,not_run,not_run,not_run,length,200.0,512,0.0026826000000000003,True,incomplete_pair,incomplete_pair
glm,glm-5.3,glm-5.3,catalog_entry,api-requests-get-json,incomplete_response,not_run,not_run,not_run,not_run,length,200.0,512,0.0023522000000000005,True,complete,pass,pass,pass,not_detected,stop,200,512,0.0013484,True,complete,pass,pass,pass,not_detected,stop,200.0,512,0.0015454000000000002,True,mixed_generation_pair,complete_pair
glm,glm-5.3,glm-5.3,catalog_entry,api-requests-post-json,incomplete_response,not_run,not_run,not_run,not_run,length,200.0,512,0.0023648000000000002,True,complete,pass,pass,pass,not_detected,stop,200,512,0.0010048000000000001,True,complete,pass,pass,pass,not_detected,stop,200.0,512,0.0018398000000000002,True,mixed_generation_pair,complete_pair
glm,glm-5.3-flash,glm-5.3-flash,catalog_entry,api-pandas-groupby,incomplete_response,not_run,not_run,not_run,not_run,length,200.0,512,0.0002653,True,incomplete_response,not_run,fail,not_run,not_run,length,200,512,0.00026710000000000004,True,incomplete_response,not_run,not_run,not_run,not_run,length,200.0,512,0.00032064999999999996,True,incomplete_pair,incomplete_pair
glm,glm-5.3-flash,glm-5.3-flash,catalog_entry,api-pandas-merge,incomplete_response,not_run,not_run,not_run,not_run,length,200.0,512,0.00026680000000000003,True,incomplete_response,not_run,not_run,not_run,not_run,length,200,512,0.00026875,True,incomplete_response,not_run,not_run,not_run,not_run,length,200.0,512,0.00032230000000000003,True,incomplete_pair,incomplete_pair
glm,glm-5.3-flash,glm-5.3-flash,catalog_entry,api-numpy-norm,incomplete_response,not_run,not_run,not_run,not_run,length,200.0,512,0.00026335000000000003,True,complete,pass,pass,pass,not_detected,stop,200,512,0.0001753,True,incomplete_response,not_run,not_run,not_run,not_run,length,200.0,512,0.000301,True,mixed_generation_pair,mixed_generation_pair
glm,glm-5.3-flash,glm-5.3-flash,catalog_entry,api-numpy-reshape,incomplete_response,not_run,not_run,not_run,not_run,length,200.0,512,0.00026575,True,incomplete_response,not_run,fail,not_run,not_run,length,200,512,0.00026635,True,incomplete_response,not_run,not_run,not_run,not_run,length,200.0,512,0.00030205,True,incomplete_pair,incomplete_pair
glm,glm-5.3-flash,glm-5.3-flash,catalog_entry,api-requests-get-json,incomplete_response,not_run,not_run,not_run,not_run,length,200.0,512,0.00026665,True,complete,pass,pass,pass,not_detected,stop,200,512,0.000138,True,complete,pass,pass,pass,not_detected,stop,200.0,512,0.00020215,True,mixed_generation_pair,complete_pair
glm,glm-5.3-flash,glm-5.3-flash,catalog_entry,api-requests-post-json,incomplete_response,not_run,not_run,not_run,not_run,length,200.0,512,0.000268,True,complete,pass,pass,pass,not_detected,stop,200,512,0.00018590000000000002,True,complete,pass,pass,pass,not_detected,stop,200.0,512,0.00028005,True,mixed_generation_pair,complete_pair
glm,glm-5.3-flashx,glm-5.3-flashx,catalog_entry,api-pandas-groupby,incomplete_response,not_run,not_run,not_run,not_run,length,200.0,512,0.0006629400000000001,True,incomplete_response,not_run,fail,not_run,not_run,length,200,512,0.00066738,True,incomplete_response,not_run,not_run,not_run,not_run,length,200.0,512,0.00079947,True,incomplete_pair,incomplete_pair
glm,glm-5.3-flashx,glm-5.3-flashx,catalog_entry,api-pandas-merge,incomplete_response,not_run,not_run,not_run,not_run,length,200.0,512,0.00066664,True,incomplete_response,not_run,not_run,not_run,not_run,length,200,512,0.0006714500000000001,True,incomplete_response,not_run,not_run,not_run,not_run,length,200.0,512,0.0008035399999999999,True,incomplete_pair,incomplete_pair
glm,glm-5.3-flashx,glm-5.3-flashx,catalog_entry,api-numpy-norm,incomplete_response,not_run,not_run,not_run,not_run,length,200.0,512,0.00065813,True,complete,pass,pass,pass,not_detected,stop,200,512,0.00035544,True,complete,pass,pass,pass,not_detected,stop,200.0,512,0.000696,True,mixed_generation_pair,complete_pair
glm,glm-5.3-flashx,glm-5.3-flashx,catalog_entry,api-numpy-reshape,incomplete_response,not_run,not_run,not_run,not_run,length,200.0,512,0.0006640499999999999,True,complete,pass,pass,pass,not_detected,stop,200,512,0.00060553,True,incomplete_response,not_run,not_run,not_run,not_run,length,200.0,512,0.00075359,True,mixed_generation_pair,mixed_generation_pair
glm,glm-5.3-flashx,glm-5.3-flashx,catalog_entry,api-requests-get-json,incomplete_response,not_run,not_run,not_run,not_run,length,200.0,512,0.00066627,True,complete,pass,pass,pass,not_detected,stop,200,512,0.00040335,True,complete,pass,pass,pass,not_detected,stop,200.0,512,0.00046527,True,mixed_generation_pair,complete_pair
glm,glm-5.3-flashx,glm-5.3-flashx,catalog_entry,api-requests-post-json,incomplete_response,not_run,not_run,not_run,not_run,length,200.0,512,0.0006696,True,complete,pass,pass,pass,not_detected,stop,200,512,0.00042682,True,incomplete_response,not_run,not_run,not_run,not_run,length,200.0,512,0.0007424900000000001,True,mixed_generation_pair,mixed_generation_pair
deepseek,deepseek-flash,deepseek-flash,catalog_entry,api-pandas-groupby,incomplete_response,not_run,not_run,not_run,not_run,length,200.0,512,0.0006396,True,complete,pass,pass,pass,not_detected,stop,200,512,0.00047609999999999997,True,incomplete_response,not_run,not_run,not_run,not_run,length,200.0,512,0.0007578,True,mixed_generation_pair,mixed_generation_pair
deepseek,deepseek-flash,deepseek-flash,catalog_entry,api-pandas-merge,incomplete_response,not_run,fail,not_run,not_run,length,200.0,512,0.0006422999999999999,True,incomplete_response,not_run,not_run,not_run,not_run,length,200,512,0.0006465,True,incomplete_response,not_run,not_run,not_run,not_run,length,200.0,512,0.0007601999999999999,True,incomplete_pair,incomplete_pair
deepseek,deepseek-flash,deepseek-flash,catalog_entry,api-numpy-norm,complete,pass,pass,pass,not_detected,stop,200.0,512,0.0001917,True,complete,pass,pass,pass,not_detected,stop,200,512,0.0002592,True,complete,pass,pass,pass,not_detected,stop,200.0,512,0.0006995999999999999,True,complete_pair,complete_pair
deepseek,deepseek-flash,deepseek-flash,catalog_entry,api-numpy-reshape,incomplete_response,not_run,not_run,not_run,not_run,length,200.0,512,0.0006405,True,complete,pass,pass,pass,not_detected,stop,200,512,0.0005562,True,complete,pass,pass,pass,not_detected,stop,200.0,512,0.00048179999999999995,True,mixed_generation_pair,complete_pair
deepseek,deepseek-flash,deepseek-flash,catalog_entry,api-requests-get-json,complete,fail,pass,findings,not_detected,stop,200.0,512,0.0006282,True,complete,pass,pass,pass,not_detected,stop,200,512,0.0002499,True,complete,pass,pass,pass,not_detected,stop,200.0,512,0.00036,True,complete_pair,complete_pair
deepseek,deepseek-flash,deepseek-flash,catalog_entry,api-requests-post-json,complete,fail,pass,findings,not_detected,stop,200.0,512,0.0004749,True,complete,pass,pass,pass,not_detected,stop,200,512,0.0002673,True,complete,pass,pass,pass,not_detected,stop,200.0,512,0.000387,True,complete_pair,complete_pair
deepseek,deepseek-v4-pro,deepseek-v4-pro,catalog_entry,api-pandas-groupby,incomplete_response,not_run,not_run,not_run,not_run,length,200.0,512,0.00220836,True,complete,pass,pass,pass,not_detected,stop,200,512,0.00096096,True,complete,pass,pass,pass,not_detected,stop,200.0,512,0.00139392,True,mixed_generation_pair,complete_pair
deepseek,deepseek-v4-pro,deepseek-v4-pro,catalog_entry,api-pandas-merge,incomplete_response,not_run,fail,not_run,not_run,length,200.0,512,0.0022202399999999996,True,incomplete_response,not_run,not_run,not_run,not_run,length,200,512,0.0022387199999999996,True,incomplete_response,not_run,not_run,not_run,not_run,length,200.0,512,0.002739,True,incomplete_pair,incomplete_pair
deepseek,deepseek-v4-pro,deepseek-v4-pro,catalog_entry,api-numpy-norm,complete,pass,pass,pass,not_detected,stop,200.0,512,0.00104148,True,complete,pass,pass,pass,not_detected,stop,200,512,0.0006996,True,complete,pass,pass,pass,not_detected,stop,200.0,512,0.0014242800000000002,True,complete_pair,complete_pair
deepseek,deepseek-v4-pro,deepseek-v4-pro,catalog_entry,api-numpy-reshape,incomplete_response,not_run,not_run,not_run,not_run,length,200.0,512,0.0022123200000000003,True,complete,pass,pass,pass,not_detected,stop,200,512,0.00106788,True,complete,pass,pass,pass,not_detected,stop,200.0,512,0.00123024,True,mixed_generation_pair,complete_pair
deepseek,deepseek-v4-pro,deepseek-v4-pro,catalog_entry,api-requests-get-json,complete,fail,pass,findings,not_detected,stop,200.0,512,0.00204204,True,complete,pass,pass,pass,not_detected,stop,200,512,0.00101904,True,complete,pass,pass,pass,not_detected,stop,200.0,512,0.0013846800000000001,True,complete_pair,complete_pair
deepseek,deepseek-v4-pro,deepseek-v4-pro,catalog_entry,api-requests-post-json,complete,fail,pass,findings,not_detected,stop,200.0,512,0.00160644,True,complete,pass,pass,pass,not_detected,stop,200,512,0.00103488,True,complete,pass,pass,pass,not_detected,stop,200.0,512,0.00176088,True,complete_pair,complete_pair
xai,grok-4.20-0309-non-reasoning,grok-4.20-0309-non-reasoning,catalog_entry,api-pandas-groupby,complete,pass,pass,pass,not_detected,stop,200.0,512,0.00034185,True,complete,pass,pass,pass,not_detected,stop,200,512,0.00023465,True,complete,pass,pass,pass,not_detected,stop,200.0,512,0.0007581,True,complete_pair,complete_pair
xai,grok-4.20-0309-non-reasoning,grok-4.20-0309-non-reasoning,catalog_entry,api-pandas-merge,complete,pass,pass,pass,not_detected,stop,200.0,512,0.0003881,True,complete,pass,pass,pass,not_detected,stop,200,512,0.00037435,True,complete,fail,pass,pass,not_detected,stop,200.0,512,0.0008031,True,complete_pair,complete_pair
xai,grok-4.20-0309-non-reasoning,grok-4.20-0309-non-reasoning,catalog_entry,api-numpy-norm,complete,pass,pass,pass,not_detected,stop,200.0,512,0.0002481,True,complete,pass,pass,pass,not_detected,stop,200,512,0.00022935,True,complete,pass,pass,pass,not_detected,stop,200.0,512,0.0004559,True,complete_pair,complete_pair
xai,grok-4.20-0309-non-reasoning,grok-4.20-0309-non-reasoning,catalog_entry,api-numpy-reshape,complete,pass,pass,pass,not_detected,stop,200.0,512,0.00036435,True,complete,pass,pass,pass,not_detected,stop,200,512,0.00026435,True,complete,pass,pass,pass,not_detected,stop,200.0,512,0.0005581,True,complete_pair,complete_pair
xai,grok-4.20-0309-non-reasoning,grok-4.20-0309-non-reasoning,catalog_entry,api-requests-get-json,complete,fail,pass,findings,not_detected,stop,200.0,512,0.00027435,True,complete,pass,pass,pass,not_detected,stop,200,512,0.0002831,True,complete,pass,pass,pass,not_detected,stop,200.0,512,0.0005131,True,complete_pair,complete_pair
xai,grok-4.20-0309-non-reasoning,grok-4.20-0309-non-reasoning,catalog_entry,api-requests-post-json,complete,fail,pass,findings,not_detected,stop,200.0,512,0.0002956,True,complete,pass,pass,pass,not_detected,stop,200,512,0.0003056,True,complete,pass,pass,pass,not_detected,stop,200.0,512,0.0005356,True,complete_pair,complete_pair
xai,grok-4.20-non-reasoning,grok-4.20-0309-non-reasoning,alias,api-pandas-groupby,complete,pass,pass,pass,not_detected,stop,200.0,512,0.00034185,True,complete,pass,pass,pass,not_detected,stop,200,512,0.00023465,True,complete,pass,pass,pass,not_detected,stop,200.0,512,0.0007581,True,complete_pair,complete_pair
xai,grok-4.20-non-reasoning,grok-4.20-0309-non-reasoning,alias,api-pandas-merge,complete,pass,pass,pass,not_detected,stop,200.0,512,0.0003209,True,complete,fail,pass,pass,not_detected,stop,200,512,0.00028465,True,complete,fail,pass,pass,not_detected,stop,200.0,512,0.0007359,True,complete_pair,complete_pair
xai,grok-4.20-non-reasoning,grok-4.20-0309-non-reasoning,alias,api-numpy-norm,complete,pass,pass,pass,not_detected,stop,200.0,512,0.0001809,True,complete,pass,pass,pass,not_detected,stop,200,512,0.00016215,True,complete,pass,pass,pass,not_detected,stop,200.0,512,0.0005231,True,complete_pair,complete_pair
xai,grok-4.20-non-reasoning,grok-4.20-0309-non-reasoning,alias,api-numpy-reshape,complete,pass,pass,pass,not_detected,stop,200.0,512,0.00040185,True,complete,pass,pass,pass,not_detected,stop,200,512,0.00026435,True,complete,pass,pass,pass,not_detected,stop,200.0,512,0.0002221,True,complete_pair,complete_pair
xai,grok-4.20-non-reasoning,grok-4.20-0309-non-reasoning,alias,api-requests-get-json,complete,fail,pass,findings,not_detected,stop,200.0,512,0.00027435,True,complete,pass,pass,pass,not_detected,stop,200,512,0.0002831,True,complete,pass,pass,pass,not_detected,stop,200.0,512,0.0004459,True,complete_pair,complete_pair
xai,grok-4.20-non-reasoning,grok-4.20-0309-non-reasoning,alias,api-requests-post-json,complete,fail,pass,findings,not_detected,stop,200.0,512,0.0002284,True,complete,pass,pass,pass,not_detected,stop,200,512,0.0003056,True,complete,pass,pass,pass,not_detected,stop,200.0,512,0.0005356,True,complete_pair,complete_pair
xai,grok-4.20-non-reasoning-latest,grok-4.20-0309-non-reasoning,alias,api-pandas-groupby,complete,pass,pass,pass,not_detected,stop,200.0,512,0.00027465,True,complete,pass,pass,pass,not_detected,stop,200,512,0.00023465,True,complete,pass,pass,pass,not_detected,stop,200.0,512,0.0002877,True,complete_pair,complete_pair
xai,grok-4.20-non-reasoning-latest,grok-4.20-0309-non-reasoning,alias,api-pandas-merge,complete,pass,pass,pass,not_detected,stop,200.0,512,0.0003881,True,complete,pass,pass,pass,not_detected,stop,200,512,0.00030715,True,complete,fail,pass,pass,not_detected,stop,200.0,512,0.0008031,True,complete_pair,complete_pair
xai,grok-4.20-non-reasoning-latest,grok-4.20-0309-non-reasoning,alias,api-numpy-norm,complete,pass,pass,pass,not_detected,stop,200.0,512,0.0002881,True,complete,pass,pass,pass,not_detected,stop,200,512,0.00016215,True,complete,pass,pass,pass,not_detected,stop,200.0,512,0.0001871,True,complete_pair,complete_pair
xai,grok-4.20-non-reasoning-latest,grok-4.20-0309-non-reasoning,alias,api-numpy-reshape,complete,pass,pass,pass,not_detected,stop,200.0,512,0.00033465,True,complete,pass,pass,pass,not_detected,stop,200,512,0.00019715,True,complete,pass,pass,pass,not_detected,stop,200.0,512,0.0002221,True,complete_pair,complete_pair
xai,grok-4.20-non-reasoning-latest,grok-4.20-0309-non-reasoning,alias,api-requests-get-json,complete,fail,pass,findings,not_detected,stop,200.0,512,0.00020715,True,complete,pass,pass,pass,not_detected,stop,200,512,0.0002159,True,complete,pass,pass,pass,not_detected,stop,200.0,512,0.0002443,True,complete_pair,complete_pair
xai,grok-4.20-non-reasoning-latest,grok-4.20-0309-non-reasoning,alias,api-requests-post-json,complete,fail,pass,findings,not_detected,stop,200.0,512,0.0003106,True,complete,pass,pass,pass,not_detected,stop,200,512,0.0001712,True,complete,pass,pass,pass,not_detected,stop,200.0,512,0.0002668,True,complete_pair,complete_pair
xai,grok-4.20-beta-non-reasoning,grok-4.20-0309-non-reasoning,alias,api-pandas-groupby,complete,pass,pass,pass,not_detected,stop,200.0,512,0.00034185,True,complete,pass,pass,pass,not_detected,stop,200,512,0.00030185,True,complete,pass,pass,pass,not_detected,stop,200.0,512,0.0002877,True,complete_pair,complete_pair
xai,grok-4.20-beta-non-reasoning,grok-4.20-0309-non-reasoning,alias,api-pandas-merge,complete,pass,pass,pass,not_detected,stop,200.0,512,0.0003881,True,complete,pass,pass,pass,not_detected,stop,200,512,0.00037435,True,complete,fail,pass,pass,not_detected,stop,200.0,512,0.0003327,True,complete_pair,complete_pair
xai,grok-4.20-beta-non-reasoning,grok-4.20-0309-non-reasoning,alias,api-numpy-norm,complete,pass,pass,pass,not_detected,stop,200.0,512,0.0002334,True,complete,pass,pass,pass,not_detected,stop,200,512,0.00016215,True,complete,pass,pass,pass,not_detected,stop,200.0,512,0.0001871,True,complete_pair,complete_pair
xai,grok-4.20-beta-non-reasoning,grok-4.20-0309-non-reasoning,alias,api-numpy-reshape,complete,pass,pass,pass,not_detected,stop,200.0,512,0.00036435,True,complete,pass,pass,pass,not_detected,stop,200,512,0.00026435,True,complete,pass,pass,pass,not_detected,stop,200.0,512,0.0005581,True,complete_pair,complete_pair
xai,grok-4.20-beta-non-reasoning,grok-4.20-0309-non-reasoning,alias,api-requests-get-json,complete,fail,pass,findings,not_detected,stop,200.0,512,0.00027435,True,complete,pass,pass,pass,not_detected,stop,200,512,0.0002831,True,complete,pass,pass,pass,not_detected,stop,200.0,512,0.0005131,True,complete_pair,complete_pair
xai,grok-4.20-beta-non-reasoning,grok-4.20-0309-non-reasoning,alias,api-requests-post-json,complete,fail,pass,findings,not_detected,stop,200.0,512,0.0002284,True,complete,pass,pass,pass,not_detected,stop,200,512,0.0001712,True,complete,pass,pass,pass,not_detected,stop,200.0,512,0.0002668,True,complete_pair,complete_pair
xai,grok-4.20-beta-latest-non-reasoning,grok-4.20-0309-non-reasoning,alias,api-pandas-groupby,complete,pass,pass,pass,not_detected,stop,200.0,512,0.00033965,True,complete,pass,pass,pass,not_detected,stop,200,512,0.00023465,True,complete,pass,pass,pass,not_detected,stop,200.0,512,0.0002877,True,complete_pair,complete_pair
xai,grok-4.20-beta-latest-non-reasoning,grok-4.20-0309-non-reasoning,alias,api-pandas-merge,complete,pass,pass,pass,not_detected,stop,200.0,512,0.0003881,True,complete,pass,pass,pass,not_detected,stop,200,512,0.00030715,True,complete,fail,pass,pass,not_detected,stop,200.0,512,0.0003327,True,complete_pair,complete_pair
xai,grok-4.20-beta-latest-non-reasoning,grok-4.20-0309-non-reasoning,alias,api-numpy-norm,complete,pass,pass,pass,not_detected,stop,200.0,512,0.0002081,True,complete,pass,pass,pass,not_detected,stop,200,512,0.00016215,True,complete,pass,pass,pass,not_detected,stop,200.0,512,0.0001871,True,complete_pair,complete_pair
xai,grok-4.20-beta-latest-non-reasoning,grok-4.20-0309-non-reasoning,alias,api-numpy-reshape,complete,pass,pass,pass,not_detected,stop,200.0,512,0.00029715,True,complete,pass,pass,pass,not_detected,stop,200,512,0.00019715,True,complete,pass,pass,pass,not_detected,stop,200.0,512,0.0002221,True,complete_pair,complete_pair
xai,grok-4.20-beta-latest-non-reasoning,grok-4.20-0309-non-reasoning,alias,api-requests-get-json,complete,fail,pass,findings,not_detected,stop,200.0,512,0.00027435,True,complete,pass,pass,pass,not_detected,stop,200,512,0.0002831,True,complete,pass,pass,pass,not_detected,stop,200.0,512,0.0005131,True,complete_pair,complete_pair
xai,grok-4.20-beta-latest-non-reasoning,grok-4.20-0309-non-reasoning,alias,api-requests-post-json,complete,fail,pass,findings,not_detected,stop,200.0,512,0.0002284,True,complete,pass,pass,pass,not_detected,stop,200,512,0.0003056,True,complete,pass,pass,pass,not_detected,stop,200.0,512,0.0002668,True,complete_pair,complete_pair
xai,grok-4.20-experimental-beta-0304-non-reasoning,grok-4.20-0309-non-reasoning,alias,api-pandas-groupby,complete,pass,pass,pass,not_detected,stop,200.0,512,0.00027465,True,complete,pass,pass,pass,not_detected,stop,200,512,0.00023465,True,complete,pass,pass,pass,not_detected,stop,200.0,512,0.0007581,True,complete_pair,complete_pair
xai,grok-4.20-experimental-beta-0304-non-reasoning,grok-4.20-0309-non-reasoning,alias,api-pandas-merge,complete,pass,pass,pass,not_detected,stop,200.0,512,0.0003209,True,complete,fail,pass,pass,not_detected,stop,200,512,0.00028465,True,complete,fail,pass,pass,not_detected,stop,200.0,512,0.0008031,True,complete_pair,complete_pair
xai,grok-4.20-experimental-beta-0304-non-reasoning,grok-4.20-0309-non-reasoning,alias,api-numpy-norm,complete,pass,pass,pass,not_detected,stop,200.0,512,0.0001409,True,complete,pass,pass,pass,not_detected,stop,200,512,0.00022935,True,complete,pass,pass,pass,not_detected,stop,200.0,512,0.0001871,True,complete_pair,complete_pair
xai,grok-4.20-experimental-beta-0304-non-reasoning,grok-4.20-0309-non-reasoning,alias,api-numpy-reshape,complete,pass,pass,pass,not_detected,stop,200.0,512,0.00036435,True,complete,pass,pass,pass,not_detected,stop,200,512,0.00019715,True,complete,pass,pass,pass,not_detected,stop,200.0,512,0.0002221,True,complete_pair,complete_pair
xai,grok-4.20-experimental-beta-0304-non-reasoning,grok-4.20-0309-non-reasoning,alias,api-requests-get-json,complete,fail,pass,findings,not_detected,stop,200.0,512,0.00020715,True,complete,pass,pass,pass,not_detected,stop,200,512,0.0002159,True,complete,pass,pass,pass,not_detected,stop,200.0,512,0.0002443,True,complete_pair,complete_pair
xai,grok-4.20-experimental-beta-0304-non-reasoning,grok-4.20-0309-non-reasoning,alias,api-requests-post-json,complete,fail,pass,findings,not_detected,stop,200.0,512,0.0002434,True,complete,pass,pass,pass,not_detected,stop,200,512,0.0001712,True,complete,pass,pass,pass,not_detected,stop,200.0,512,0.0002668,True,complete_pair,complete_pair
xai,grok-4.20-experimental-beta-non-reasoning-latest,grok-4.20-0309-non-reasoning,alias,api-pandas-groupby,complete,pass,pass,pass,not_detected,stop,200.0,512,0.00027465,True,complete,pass,pass,pass,not_detected,stop,200,512,0.00030185,True,complete,pass,pass,pass,not_detected,stop,200.0,512,0.0002877,True,complete_pair,complete_pair
xai,grok-4.20-experimental-beta-non-reasoning-latest,grok-4.20-0309-non-reasoning,alias,api-pandas-merge,complete,pass,pass,pass,not_detected,stop,200.0,512,0.0003209,True,complete,fail,pass,pass,not_detected,stop,200,512,0.00028465,True,complete,fail,pass,pass,not_detected,stop,200.0,512,0.0003327,True,complete_pair,complete_pair
xai,grok-4.20-experimental-beta-non-reasoning-latest,grok-4.20-0309-non-reasoning,alias,api-numpy-norm,complete,pass,pass,pass,not_detected,stop,200.0,512,0.0001834,True,complete,pass,pass,pass,not_detected,stop,200,512,0.00016215,True,complete,pass,pass,pass,not_detected,stop,200.0,512,0.0001871,True,complete_pair,complete_pair
xai,grok-4.20-experimental-beta-non-reasoning-latest,grok-4.20-0309-non-reasoning,alias,api-numpy-reshape,complete,pass,pass,pass,not_detected,stop,200.0,512,0.00029715,True,complete,pass,pass,pass,not_detected,stop,200,512,0.00019715,True,complete,pass,pass,pass,not_detected,stop,200.0,512,0.0002221,True,complete_pair,complete_pair
xai,grok-4.20-experimental-beta-non-reasoning-latest,grok-4.20-0309-non-reasoning,alias,api-requests-get-json,complete,fail,pass,findings,not_detected,stop,200.0,512,0.00020715,True,complete,pass,pass,pass,not_detected,stop,200,512,0.0002159,True,complete,pass,pass,pass,not_detected,stop,200.0,512,0.0002443,True,complete_pair,complete_pair
xai,grok-4.20-experimental-beta-non-reasoning-latest,grok-4.20-0309-non-reasoning,alias,api-requests-post-json,complete,fail,pass,findings,not_detected,stop,200.0,512,0.0002434,True,complete,pass,pass,pass,not_detected,stop,200,512,0.0001712,True,complete,pass,pass,pass,not_detected,stop,200.0,512,0.0005356,True,complete_pair,complete_pair
xai,grok-4.20-beta-0309-non-reasoning,grok-4.20-0309-non-reasoning,alias,api-pandas-groupby,complete,pass,pass,pass,not_detected,stop,200.0,512,0.00027465,True,complete,pass,pass,pass,not_detected,stop,200,512,0.00023465,True,complete,pass,pass,pass,not_detected,stop,200.0,512,0.0002877,True,complete_pair,complete_pair
xai,grok-4.20-beta-0309-non-reasoning,grok-4.20-0309-non-reasoning,alias,api-pandas-merge,complete,pass,pass,pass,not_detected,stop,200.0,512,0.0003209,True,complete,fail,pass,pass,not_detected,stop,200,512,0.00035185,True,complete,fail,pass,pass,not_detected,stop,200.0,512,0.0003327,True,complete_pair,complete_pair
xai,grok-4.20-beta-0309-non-reasoning,grok-4.20-0309-non-reasoning,alias,api-numpy-norm,complete,pass,pass,pass,not_detected,stop,200.0,512,0.0001834,True,complete,pass,pass,pass,not_detected,stop,200,512,0.00016215,True,complete,pass,pass,pass,not_detected,stop,200.0,512,0.0001871,True,complete_pair,complete_pair
xai,grok-4.20-beta-0309-non-reasoning,grok-4.20-0309-non-reasoning,alias,api-numpy-reshape,complete,pass,pass,pass,not_detected,stop,200.0,512,0.00029715,True,complete,pass,pass,pass,not_detected,stop,200,512,0.00019715,True,complete,pass,pass,pass,not_detected,stop,200.0,512,0.0005581,True,complete_pair,complete_pair
xai,grok-4.20-beta-0309-non-reasoning,grok-4.20-0309-non-reasoning,alias,api-requests-get-json,complete,fail,pass,findings,not_detected,stop,200.0,512,0.00020715,True,complete,pass,pass,pass,not_detected,stop,200,512,0.0002159,True,complete,pass,pass,pass,not_detected,stop,200.0,512,0.0002443,True,complete_pair,complete_pair
xai,grok-4.20-beta-0309-non-reasoning,grok-4.20-0309-non-reasoning,alias,api-requests-post-json,complete,fail,pass,findings,not_detected,stop,200.0,512,0.0002434,True,complete,pass,pass,pass,not_detected,stop,200,512,0.0003056,True,complete,pass,pass,pass,not_detected,stop,200.0,512,0.0002668,True,complete_pair,complete_pair
xai,grok-4.20-non-reasoning-gv2,grok-4.20-0309-non-reasoning,alias,api-pandas-groupby,complete,pass,pass,pass,not_detected,stop,200.0,512,0.00028465,True,complete,pass,pass,pass,not_detected,stop,200,512,0.00023465,True,complete,pass,pass,pass,not_detected,stop,200.0,512,0.0002877,True,complete_pair,complete_pair
xai,grok-4.20-non-reasoning-gv2,grok-4.20-0309-non-reasoning,alias,api-pandas-merge,complete,pass,pass,pass,not_detected,stop,200.0,512,0.0003209,True,complete,fail,pass,pass,not_detected,stop,200,512,0.00028465,True,complete,fail,pass,pass,not_detected,stop,200.0,512,0.0003327,True,complete_pair,complete_pair
xai,grok-4.20-non-reasoning-gv2,grok-4.20-0309-non-reasoning,alias,api-numpy-norm,complete,pass,pass,pass,not_detected,stop,200.0,512,0.0001409,True,complete,pass,pass,pass,not_detected,stop,200,512,0.00016215,True,complete,pass,pass,pass,not_detected,stop,200.0,512,0.0001871,True,complete_pair,complete_pair
xai,grok-4.20-non-reasoning-gv2,grok-4.20-0309-non-reasoning,alias,api-numpy-reshape,complete,pass,pass,pass,not_detected,stop,200.0,512,0.00029715,True,complete,pass,pass,pass,not_detected,stop,200,512,0.00026435,True,complete,pass,pass,pass,not_detected,stop,200.0,512,0.0002221,True,complete_pair,complete_pair
xai,grok-4.20-non-reasoning-gv2,grok-4.20-0309-non-reasoning,alias,api-requests-get-json,complete,fail,pass,findings,not_detected,stop,200.0,512,0.00020715,True,complete,pass,pass,pass,not_detected,stop,200,512,0.0002159,True,complete,pass,pass,pass,not_detected,stop,200.0,512,0.0002443,True,complete_pair,complete_pair
xai,grok-4.20-non-reasoning-gv2,grok-4.20-0309-non-reasoning,alias,api-requests-post-json,complete,fail,pass,findings,not_detected,stop,200.0,512,0.0003106,True,complete,pass,pass,pass,not_detected,stop,200,512,0.0003056,True,complete,pass,pass,pass,not_detected,stop,200.0,512,0.0002668,True,complete_pair,complete_pair
xai,grok-4.20-0309-reasoning,grok-4.20-0309-reasoning,catalog_entry,api-pandas-groupby,complete,pass,pass,pass,not_detected,stop,200.0,512,0.00377935,True,complete,pass,pass,pass,not_detected,stop,200,512,0.00181435,True,complete,pass,pass,pass,not_detected,stop,200.0,512,0.0037106,True,complete_pair,complete_pair
xai,grok-4.20-0309-reasoning,grok-4.20-0309-reasoning,catalog_entry,api-pandas-merge,complete,pass,pass,pass,not_detected,stop,200.0,512,0.0021956,True,complete,pass,pass,pass,not_detected,stop,200,512,0.00360685,True,complete,fail,pass,pass,not_detected,stop,200.0,512,0.0056781,True,complete_pair,complete_pair
xai,grok-4.20-0309-reasoning,grok-4.20-0309-reasoning,catalog_entry,api-numpy-norm,complete,pass,pass,pass,not_detected,stop,200.0,512,0.0020306,True,complete,pass,pass,pass,not_detected,stop,200,512,0.00161215,True,complete,pass,pass,pass,not_detected,stop,200.0,512,0.0024131,True,complete_pair,complete_pair
xai,grok-4.20-0309-reasoning,grok-4.20-0309-reasoning,catalog_entry,api-numpy-reshape,complete,pass,pass,pass,not_detected,stop,200.0,512,0.00332435,True,complete,pass,pass,pass,not_detected,stop,200,512,0.00246935,True,complete,pass,pass,pass,not_detected,stop,200.0,512,0.0033881,True,complete_pair,complete_pair
xai,grok-4.20-0309-reasoning,grok-4.20-0309-reasoning,catalog_entry,api-requests-get-json,complete,fail,pass,findings,not_detected,stop,200.0,512,0.00170685,True,complete,pass,pass,pass,not_detected,stop,200,512,0.0016556,True,complete,pass,pass,pass,not_detected,stop,200.0,512,0.0016281,True,complete_pair,complete_pair
xai,grok-4.20-0309-reasoning,grok-4.20-0309-reasoning,catalog_entry,api-requests-post-json,complete,fail,pass,findings,not_detected,stop,200.0,512,0.0021606,True,complete,pass,pass,pass,not_detected,stop,200,512,0.0016281,True,complete,pass,pass,pass,not_detected,stop,200.0,512,0.0021006,True,complete_pair,complete_pair
xai,grok-4.20-reasoning-latest,grok-4.20-0309-reasoning,alias,api-pandas-groupby,complete,pass,pass,pass,not_detected,stop,200.0,512,0.00426435,True,complete,pass,pass,pass,not_detected,stop,200,512,0.00186465,True,complete,pass,pass,pass,not_detected,stop,200.0,512,0.0030331,True,complete_pair,complete_pair
xai,grok-4.20-reasoning-latest,grok-4.20-0309-reasoning,alias,api-pandas-merge,complete,pass,pass,pass,not_detected,stop,200.0,512,0.0027434,True,complete,pass,pass,pass,not_detected,stop,200,512,0.00317685,True,complete,fail,pass,pass,not_detected,stop,200.0,512,0.0045181,True,complete_pair,complete_pair
xai,grok-4.20-reasoning-latest,grok-4.20-0309-reasoning,alias,api-numpy-norm,complete,pass,pass,pass,not_detected,stop,200.0,512,0.0021084,True,complete,pass,pass,pass,not_detected,stop,200,512,0.00169435,True,complete,pass,pass,pass,not_detected,stop,200.0,512,0.0032346,True,complete_pair,complete_pair
xai,grok-4.20-reasoning-latest,grok-4.20-0309-reasoning,alias,api-numpy-reshape,complete,pass,pass,pass,not_detected,stop,200.0,512,0.00268685,True,complete,pass,pass,pass,not_detected,stop,200,512,0.00199965,True,complete,pass,pass,pass,not_detected,stop,200.0,512,0.0029481,True,complete_pair,complete_pair
xai,grok-4.20-reasoning-latest,grok-4.20-0309-reasoning,alias,api-requests-get-json,complete,fail,pass,findings,not_detected,stop,200.0,512,0.00156185,True,complete,pass,pass,pass,not_detected,stop,200,512,0.0014659,True,complete,pass,pass,pass,not_detected,stop,200.0,512,0.0017106,True,complete_pair,complete_pair
xai,grok-4.20-reasoning-latest,grok-4.20-0309-reasoning,alias,api-requests-post-json,complete,fail,pass,findings,not_detected,stop,200.0,512,0.0022834,True,complete,pass,pass,pass,not_detected,stop,200,512,0.0013331,True,complete,pass,pass,pass,not_detected,stop,200.0,512,0.0027843,True,complete_pair,complete_pair
xai,grok-4.20,grok-4.20-0309-reasoning,alias,api-pandas-groupby,complete,pass,pass,pass,not_detected,stop,200.0,512,0.00297215,True,complete,pass,pass,pass,not_detected,stop,200,512,0.00155965,True,complete,pass,pass,pass,not_detected,stop,200.0,512,0.0029356,True,complete_pair,complete_pair
xai,grok-4.20,grok-4.20-0309-reasoning,alias,api-pandas-merge,complete,pass,pass,pass,not_detected,stop,200.0,512,0.0024684,True,complete,pass,pass,pass,not_detected,stop,200,512,0.00364745,True,complete,pass,pass,pass,not_detected,stop,200.0,512,0.0065252,True,complete_pair,complete_pair
xai,grok-4.20,grok-4.20-0309-reasoning,alias,api-numpy-norm,complete,pass,pass,pass,not_detected,stop,200.0,512,0.0027231,True,complete,pass,pass,pass,not_detected,stop,200,512,0.00215715,True,complete,pass,pass,pass,not_detected,stop,200.0,512,0.0021931,True,complete_pair,complete_pair
xai,grok-4.20,grok-4.20-0309-reasoning,alias,api-numpy-reshape,complete,pass,pass,pass,not_detected,stop,200.0,512,0.00335715,True,complete,pass,pass,pass,not_detected,stop,200,512,0.00282435,True,complete,pass,pass,pass,not_detected,stop,200.0,512,0.0031121,True,complete_pair,complete_pair
xai,grok-4.20,grok-4.20-0309-reasoning,alias,api-requests-get-json,complete,fail,pass,findings,not_detected,stop,200.0,512,0.00212965,True,complete,pass,pass,pass,not_detected,stop,200,512,0.0015281,True,complete,pass,pass,pass,not_detected,stop,200.0,512,0.0012243,True,complete_pair,complete_pair
xai,grok-4.20,grok-4.20-0309-reasoning,alias,api-requests-post-json,complete,fail,pass,findings,not_detected,stop,200.0,512,0.0023006,True,complete,pass,pass,pass,not_detected,stop,200,512,0.0012587,True,complete,pass,pass,pass,not_detected,stop,200.0,512,0.0016806,True,complete_pair,complete_pair
xai,grok-4.20-reasoning,grok-4.20-0309-reasoning,alias,api-pandas-groupby,complete,pass,pass,pass,not_detected,stop,200.0,512,0.00298465,True,complete,pass,pass,pass,not_detected,stop,200,512,0.00146435,True,complete,pass,pass,pass,not_detected,stop,200.0,512,0.0026002,True,complete_pair,complete_pair
xai,grok-4.20-reasoning,grok-4.20-0309-reasoning,alias,api-pandas-merge,complete,pass,pass,pass,not_detected,stop,200.0,512,0.0028484,True,complete,pass,pass,pass,not_detected,stop,200,512,0.00322685,True,complete,pass,pass,pass,not_detected,stop,200.0,512,0.0066802,True,complete_pair,complete_pair
xai,grok-4.20-reasoning,grok-4.20-0309-reasoning,alias,api-numpy-norm,complete,pass,pass,pass,not_detected,stop,200.0,512,0.0013834,True,complete,pass,pass,pass,not_detected,stop,200,512,0.00167715,True,complete,pass,pass,pass,not_detected,stop,200.0,512,0.0020846,True,complete_pair,complete_pair
xai,grok-4.20-reasoning,grok-4.20-0309-reasoning,alias,api-numpy-reshape,complete,pass,pass,pass,not_detected,stop,200.0,512,0.00356685,True,complete,pass,pass,pass,not_detected,stop,200,512,0.00209435,True,complete,pass,pass,pass,not_detected,stop,200.0,512,0.0035246,True,complete_pair,complete_pair
xai,grok-4.20-reasoning,grok-4.20-0309-reasoning,alias,api-requests-get-json,complete,fail,pass,findings,not_detected,stop,200.0,512,0.00170215,True,complete,pass,pass,pass,not_detected,stop,200,512,0.0013159,True,complete,pass,pass,pass,not_detected,stop,200.0,512,0.0013043,True,complete_pair,complete_pair
xai,grok-4.20-reasoning,grok-4.20-0309-reasoning,alias,api-requests-post-json,complete,fail,pass,findings,not_detected,stop,200.0,512,0.0028481,True,complete,pass,pass,pass,not_detected,stop,200,512,0.0017381,True,complete,pass,pass,pass,not_detected,stop,200.0,512,0.0020518,True,complete_pair,complete_pair
xai,grok-4.20-0309,grok-4.20-0309-reasoning,alias,api-pandas-groupby,complete,pass,pass,pass,not_detected,stop,200.0,512,0.00380465,True,complete,pass,pass,pass,not_detected,stop,200,512,0.00245715,True,complete,pass,pass,pass,not_detected,stop,200.0,512,0.0041631,True,complete_pair,complete_pair
xai,grok-4.20-0309,grok-4.20-0309-reasoning,alias,api-pandas-merge,complete,pass,pass,pass,not_detected,stop,200.0,512,0.0019659,True,complete,pass,pass,pass,not_detected,stop,200,512,0.00491495,True,complete,pass,pass,pass,not_detected,stop,200.0,512,0.0057352,True,complete_pair,complete_pair
xai,grok-4.20-0309,grok-4.20-0309-reasoning,alias,api-numpy-norm,complete,pass,pass,pass,not_detected,stop,200.0,512,0.0017581,True,complete,pass,pass,pass,not_detected,stop,200,512,0.00166965,True,complete,pass,pass,pass,not_detected,stop,200.0,512,0.0025881,True,complete_pair,complete_pair
xai,grok-4.20-0309,grok-4.20-0309-reasoning,alias,api-numpy-reshape,complete,pass,pass,pass,not_detected,stop,200.0,512,0.00370435,True,complete,pass,pass,pass,not_detected,stop,200,512,0.00223715,True,complete,pass,pass,pass,not_detected,stop,200.0,512,0.0027381,True,complete_pair,complete_pair
xai,grok-4.20-0309,grok-4.20-0309-reasoning,alias,api-requests-get-json,complete,fail,pass,findings,not_detected,stop,200.0,512,0.00192185,True,complete,pass,pass,pass,not_detected,stop,200,512,0.0018284,True,complete,pass,pass,pass,not_detected,stop,200.0,512,0.0014468,True,complete_pair,complete_pair
xai,grok-4.20-0309,grok-4.20-0309-reasoning,alias,api-requests-post-json,complete,fail,pass,findings,not_detected,stop,200.0,512,0.0019656,True,complete,pass,pass,pass,not_detected,stop,200,512,0.0016912,True,complete,pass,pass,pass,not_detected,stop,200.0,512,0.0022743,True,complete_pair,complete_pair
xai,grok-4.20-beta-0309-reasoning,grok-4.20-0309-reasoning,alias,api-pandas-groupby,complete,pass,pass,pass,not_detected,stop,200.0,512,0.00347715,True,complete,pass,pass,pass,not_detected,stop,200,512,0.00176935,True,complete,pass,pass,pass,not_detected,stop,200.0,512,0.0034877,True,complete_pair,complete_pair
xai,grok-4.20-beta-0309-reasoning,grok-4.20-0309-reasoning,alias,api-pandas-merge,complete,pass,pass,pass,not_detected,stop,200.0,512,0.0020256,True,complete,pass,pass,pass,not_detected,stop,200,512,0.00246995,True,complete,fail,pass,pass,not_detected,stop,200.0,512,0.0057131,True,complete_pair,complete_pair
xai,grok-4.20-beta-0309-reasoning,grok-4.20-0309-reasoning,alias,api-numpy-norm,complete,pass,pass,pass,not_detected,stop,200.0,512,0.0018859,True,complete,pass,pass,pass,not_detected,stop,200,512,0.00200965,True,complete,pass,pass,pass,not_detected,stop,200.0,512,0.0014946,True,complete_pair,complete_pair
xai,grok-4.20-beta-0309-reasoning,grok-4.20-0309-reasoning,alias,api-numpy-reshape,complete,pass,pass,pass,not_detected,stop,200.0,512,0.00345465,True,complete,pass,pass,pass,not_detected,stop,200,512,0.00267185,True,complete,pass,pass,pass,not_detected,stop,200.0,512,0.0044556,True,complete_pair,complete_pair
xai,grok-4.20-beta-0309-reasoning,grok-4.20-0309-reasoning,alias,api-requests-get-json,complete,fail,pass,findings,not_detected,stop,200.0,512,0.00152185,True,complete,pass,pass,pass,not_detected,stop,200,512,0.0014984,True,complete,pass,pass,pass,not_detected,stop,200.0,512,0.0016834,True,complete_pair,complete_pair
xai,grok-4.20-beta-0309-reasoning,grok-4.20-0309-reasoning,alias,api-requests-post-json,complete,fail,pass,findings,not_detected,stop,200.0,512,0.0018859,True,complete,pass,pass,pass,not_detected,stop,200,512,0.0014762,True,complete,pass,pass,pass,not_detected,stop,200.0,512,0.0017543,True,complete_pair,complete_pair
xai,grok-4.20-beta,grok-4.20-0309-reasoning,alias,api-pandas-groupby,complete,pass,pass,pass,not_detected,stop,200.0,512,0.00310185,True,complete,pass,pass,pass,not_detected,stop,200,512,0.00292715,True,complete,pass,pass,pass,not_detected,stop,200.0,512,0.0045159,True,complete_pair,complete_pair
xai,grok-4.20-beta,grok-4.20-0309-reasoning,alias,api-pandas-merge,complete,pass,pass,pass,not_detected,stop,200.0,512,0.0019384,True,complete,pass,pass,pass,not_detected,stop,200,512,0.00251995,True,complete,fail,pass,pass,not_detected,stop,200.0,512,0.0059806,True,complete_pair,complete_pair
xai,grok-4.20-beta,grok-4.20-0309-reasoning,alias,api-numpy-norm,complete,pass,pass,pass,not_detected,stop,200.0,512,0.0012259,True,complete,pass,pass,pass,not_detected,stop,200,512,0.00096965,True,complete,pass,pass,pass,not_detected,stop,200.0,512,0.0027271,True,complete_pair,complete_pair
xai,grok-4.20-beta,grok-4.20-0309-reasoning,alias,api-numpy-reshape,complete,pass,pass,pass,not_detected,stop,200.0,512,0.00311215,True,complete,pass,pass,pass,not_detected,stop,200,512,0.00206715,True,complete,pass,pass,pass,not_detected,stop,200.0,512,0.0018671,True,complete_pair,complete_pair
xai,grok-4.20-beta,grok-4.20-0309-reasoning,alias,api-requests-get-json,complete,fail,pass,findings,not_detected,stop,200.0,512,0.00153685,True,complete,pass,pass,pass,not_detected,stop,200,512,0.0013884,True,complete,pass,pass,pass,not_detected,stop,200.0,512,0.0014931,True,complete_pair,complete_pair
xai,grok-4.20-beta,grok-4.20-0309-reasoning,alias,api-requests-post-json,complete,fail,pass,findings,not_detected,stop,200.0,512,0.0022831,True,complete,pass,pass,pass,not_detected,stop,200,512,0.0014512,True,complete,pass,pass,pass,not_detected,stop,200.0,512,0.0023643,True,complete_pair,complete_pair
xai,grok-4.20-beta-0309,grok-4.20-0309-reasoning,alias,api-pandas-groupby,complete,pass,pass,pass,not_detected,stop,200.0,512,0.00359715,True,complete,pass,pass,pass,not_detected,stop,200,512,0.00158965,True,complete,pass,pass,pass,not_detected,stop,200.0,512,0.0033752,True,complete_pair,complete_pair
xai,grok-4.20-beta-0309,grok-4.20-0309-reasoning,alias,api-pandas-merge,complete,pass,pass,pass,not_detected,stop,200.0,512,0.0021609,True,complete,pass,pass,pass,not_detected,stop,200,512,0.00450995,True,complete,pass,pass,pass,not_detected,stop,200.0,512,0.0073052,True,complete_pair,complete_pair
xai,grok-4.20-beta-0309,grok-4.20-0309-reasoning,alias,api-numpy-norm,complete,pass,pass,pass,not_detected,stop,200.0,512,0.0017734,True,complete,pass,pass,pass,not_detected,stop,200,512,0.00174685,True,complete,pass,pass,pass,not_detected,stop,200.0,512,0.0032646,True,complete_pair,complete_pair
xai,grok-4.20-beta-0309,grok-4.20-0309-reasoning,alias,api-numpy-reshape,transport_or_parse_error,not_run,not_run,not_run,not_run,,,512,,True,complete,timeout,pass,pass,not_detected,stop,200,512,0.00172185,True,complete,pass,pass,pass,not_detected,stop,200.0,512,0.0032431,True,infrastructure_error_pair,complete_pair
xai,grok-4.20-beta-0309,grok-4.20-0309-reasoning,alias,api-requests-get-json,complete,fail,pass,findings,not_detected,stop,200.0,512,0.00164935,True,complete,pass,pass,pass,not_detected,stop,200,512,0.0013606,True,complete,pass,pass,pass,not_detected,stop,200.0,512,0.0016306,True,complete_pair,complete_pair
xai,grok-4.20-beta-0309,grok-4.20-0309-reasoning,alias,api-requests-post-json,complete,fail,pass,findings,not_detected,stop,200.0,512,0.0027731,True,complete,pass,pass,pass,not_detected,stop,200,512,0.0014431,True,complete,pass,pass,pass,not_detected,stop,200.0,512,0.0018431,True,complete_pair,complete_pair
xai,grok-4.20-beta-latest,grok-4.20-0309-reasoning,alias,api-pandas-groupby,complete,pass,pass,pass,not_detected,stop,200.0,512,0.00400435,True,complete,pass,pass,pass,not_detected,stop,200,512,0.00175935,True,complete,pass,pass,pass,not_detected,stop,200.0,512,0.0043081,True,complete_pair,complete_pair
xai,grok-4.20-beta-latest,grok-4.20-0309-reasoning,alias,api-pandas-merge,complete,pass,pass,pass,not_detected,stop,200.0,512,0.0019756,True,complete,pass,pass,pass,not_detected,stop,200,512,0.00420935,True,complete,fail,pass,pass,not_detected,stop,200.0,512,0.0080906,True,complete_pair,complete_pair
xai,grok-4.20-beta-latest,grok-4.20-0309-reasoning,alias,api-numpy-norm,complete,pass,pass,pass,not_detected,stop,200.0,512,0.0028631,True,complete,pass,pass,pass,not_detected,stop,200,512,0.00185935,True,complete,pass,pass,pass,not_detected,stop,200.0,512,0.0036181,True,complete_pair,complete_pair
xai,grok-4.20-beta-latest,grok-4.20-0309-reasoning,alias,api-numpy-reshape,complete,pass,pass,pass,not_detected,stop,200.0,512,0.00326935,True,complete,pass,pass,pass,not_detected,stop,200,512,0.00201935,True,complete,pass,pass,pass,not_detected,stop,200.0,512,0.0027481,True,complete_pair,complete_pair
xai,grok-4.20-beta-latest,grok-4.20-0309-reasoning,alias,api-requests-get-json,complete,fail,pass,findings,not_detected,stop,200.0,512,0.00161465,True,complete,pass,pass,pass,not_detected,stop,200,512,0.0014331,True,complete,pass,pass,pass,not_detected,stop,200.0,512,0.0016306,True,complete_pair,complete_pair
xai,grok-4.20-beta-latest,grok-4.20-0309-reasoning,alias,api-requests-post-json,complete,fail,pass,findings,not_detected,stop,200.0,512,0.0017034,True,complete,pass,pass,pass,not_detected,stop,200,512,0.0013231,True,complete,pass,pass,pass,not_detected,stop,200.0,512,0.0026218,True,complete_pair,complete_pair
xai,grok-4.20-beta-latest-reasoning,grok-4.20-0309-reasoning,alias,api-pandas-groupby,complete,pass,pass,pass,not_detected,stop,200.0,512,0.00316435,True,complete,pass,pass,pass,not_detected,stop,200,512,0.00158215,True,complete,pass,pass,pass,not_detected,stop,200.0,512,0.0045477,True,complete_pair,complete_pair
xai,grok-4.20-beta-latest-reasoning,grok-4.20-0309-reasoning,alias,api-pandas-merge,complete,pass,pass,pass,not_detected,stop,200.0,512,0.0022031,True,complete,pass,pass,pass,not_detected,stop,200,512,0.00467435,True,complete,fail,pass,pass,not_detected,stop,200.0,512,0.0055656,True,complete_pair,complete_pair
xai,grok-4.20-beta-latest-reasoning,grok-4.20-0309-reasoning,alias,api-numpy-norm,complete,pass,pass,pass,not_detected,stop,200.0,512,0.0019434,True,complete,pass,pass,pass,not_detected,stop,200,512,0.00180185,True,complete,pass,pass,pass,not_detected,stop,200.0,512,0.0035906,True,complete_pair,complete_pair
xai,grok-4.20-beta-latest-reasoning,grok-4.20-0309-reasoning,alias,api-numpy-reshape,complete,pass,pass,pass,not_detected,stop,200.0,512,0.00395435,True,complete,fail,pass,pass,not_detected,stop,200,512,0.00159715,True,complete,pass,pass,pass,not_detected,stop,200.0,512,0.0026706,True,complete_pair,complete_pair
xai,grok-4.20-beta-latest-reasoning,grok-4.20-0309-reasoning,alias,api-requests-get-json,complete,fail,pass,findings,not_detected,stop,200.0,512,0.00184715,True,complete,pass,pass,pass,not_detected,stop,200,512,0.0012034,True,complete,pass,pass,pass,not_detected,stop,200.0,512,0.0015868,True,complete_pair,complete_pair
xai,grok-4.20-beta-latest-reasoning,grok-4.20-0309-reasoning,alias,api-requests-post-json,complete,fail,pass,findings,not_detected,stop,200.0,512,0.0024131,True,complete,pass,pass,pass,not_detected,stop,200,512,0.0015156,True,complete,pass,pass,pass,not_detected,stop,200.0,512,0.0017156,True,complete_pair,complete_pair
xai,grok-4.20-beta-reasoning,grok-4.20-0309-reasoning,alias,api-pandas-groupby,complete,pass,pass,pass,not_detected,stop,200.0,512,0.00415685,True,complete,pass,pass,pass,not_detected,stop,200,512,0.00128185,True,complete,pass,pass,pass,not_detected,stop,200.0,512,0.0048256,True,complete_pair,complete_pair
xai,grok-4.20-beta-reasoning,grok-4.20-0309-reasoning,alias,api-pandas-merge,complete,pass,pass,pass,not_detected,stop,200.0,512,0.0020609,True,complete,pass,pass,pass,not_detected,stop,200,512,0.00476495,True,complete,fail,pass,pass,not_detected,stop,200.0,512,0.0081431,True,complete_pair,complete_pair
xai,grok-4.20-beta-reasoning,grok-4.20-0309-reasoning,alias,api-numpy-norm,complete,pass,pass,pass,not_detected,stop,200.0,512,0.0020481,True,complete,pass,pass,pass,not_detected,stop,200,512,0.00161935,True,complete,pass,pass,pass,not_detected,stop,200.0,512,0.0028034,True,complete_pair,complete_pair
xai,grok-4.20-beta-reasoning,grok-4.20-0309-reasoning,alias,api-numpy-reshape,complete,pass,pass,pass,not_detected,stop,200.0,512,0.00291715,True,complete,pass,pass,pass,not_detected,stop,200,512,0.00265715,True,complete,pass,pass,pass,not_detected,stop,200.0,512,0.0041009,True,complete_pair,complete_pair
xai,grok-4.20-beta-reasoning,grok-4.20-0309-reasoning,alias,api-requests-get-json,complete,fail,pass,findings,not_detected,stop,200.0,512,0.00206215,True,complete,pass,pass,pass,not_detected,stop,200,512,0.0013206,True,complete,pass,pass,pass,not_detected,stop,200.0,512,0.0014968,True,complete_pair,complete_pair
xai,grok-4.20-beta-reasoning,grok-4.20-0309-reasoning,alias,api-requests-post-json,complete,fail,pass,findings,not_detected,stop,200.0,512,0.0026759,True,complete,pass,pass,pass,not_detected,stop,200,512,0.0017587,True,complete,pass,pass,pass,not_detected,stop,200.0,512,0.0018168,True,complete_pair,complete_pair
xai,grok-4.20-experimental-beta-0304-reasoning,grok-4.20-0309-reasoning,alias,api-pandas-groupby,complete,pass,pass,pass,not_detected,stop,200.0,512,0.00381465,True,complete,pass,pass,pass,not_detected,stop,200,512,0.00144935,True,complete,pass,pass,pass,not_detected,stop,200.0,512,0.0042552,True,complete_pair,complete_pair
xai,grok-4.20-experimental-beta-0304-reasoning,grok-4.20-0309-reasoning,alias,api-pandas-merge,complete,pass,pass,pass,not_detected,stop,200.0,512,0.0019956,True,complete,pass,pass,pass,not_detected,stop,200,512,0.00471965,True,complete,fail,pass,pass,not_detected,stop,200.0,512,0.0063181,True,complete_pair,complete_pair
xai,grok-4.20-experimental-beta-0304-reasoning,grok-4.20-0309-reasoning,alias,api-numpy-norm,complete,pass,pass,pass,not_detected,stop,200.0,512,0.0014206,True,complete,pass,pass,pass,not_detected,stop,200,512,0.00206435,True,complete,pass,pass,pass,not_detected,stop,200.0,512,0.0030881,True,complete_pair,complete_pair
xai,grok-4.20-experimental-beta-0304-reasoning,grok-4.20-0309-reasoning,alias,api-numpy-reshape,complete,pass,pass,pass,not_detected,stop,200.0,512,0.00355685,True,complete,pass,pass,pass,not_detected,stop,200,512,0.00229935,True,complete,pass,pass,pass,not_detected,stop,200.0,512,0.0027396,True,complete_pair,complete_pair
xai,grok-4.20-experimental-beta-0304-reasoning,grok-4.20-0309-reasoning,alias,api-requests-get-json,complete,fail,pass,findings,not_detected,stop,200.0,512,0.00180185,True,complete,pass,pass,pass,not_detected,stop,200,512,0.0016334,True,complete,pass,pass,pass,not_detected,stop,200.0,512,0.0015343,True,complete_pair,complete_pair
xai,grok-4.20-experimental-beta-0304-reasoning,grok-4.20-0309-reasoning,alias,api-requests-post-json,complete,fail,pass,findings,not_detected,stop,200.0,512,0.0017881,True,complete,pass,pass,pass,not_detected,stop,200,512,0.0011387,True,complete,pass,pass,pass,not_detected,stop,200.0,512,0.0014759,True,complete_pair,complete_pair
xai,grok-4.20-experimental-beta-0304,grok-4.20-0309-reasoning,alias,api-pandas-groupby,complete,pass,pass,pass,not_detected,stop,200.0,512,0.00451935,True,complete,pass,pass,pass,not_detected,stop,200,512,0.00152465,True,complete,pass,pass,pass,not_detected,stop,200.0,512,0.0035852,True,complete_pair,complete_pair
xai,grok-4.20-experimental-beta-0304,grok-4.20-0309-reasoning,alias,api-pandas-merge,complete,pass,pass,pass,not_detected,stop,200.0,512,0.0020384,True,complete,pass,pass,pass,not_detected,stop,200,512,0.00324995,True,complete,pass,pass,pass,not_detected,stop,200.0,512,0.0077559,True,complete_pair,complete_pair
xai,grok-4.20-experimental-beta-0304,grok-4.20-0309-reasoning,alias,api-numpy-norm,complete,pass,pass,pass,not_detected,stop,200.0,512,0.0022634,True,complete,pass,pass,pass,not_detected,stop,200,512,0.00190215,True,complete,pass,pass,pass,not_detected,stop,200.0,512,0.0023546,True,complete_pair,complete_pair
xai,grok-4.20-experimental-beta-0304,grok-4.20-0309-reasoning,alias,api-numpy-reshape,transport_or_parse_error,not_run,not_run,not_run,not_run,,,512,,True,complete,pass,pass,pass,not_detected,stop,200,512,0.00194685,True,complete,pass,pass,pass,not_detected,stop,200.0,512,0.0022931,True,infrastructure_error_pair,complete_pair
xai,grok-4.20-experimental-beta-0304,grok-4.20-0309-reasoning,alias,api-requests-get-json,complete,fail,pass,findings,not_detected,stop,200.0,512,0.00224685,True,complete,pass,pass,pass,not_detected,stop,200,512,0.0011834,True,complete,pass,pass,pass,not_detected,stop,200.0,512,0.0015656,True,complete_pair,complete_pair
xai,grok-4.20-experimental-beta-0304,grok-4.20-0309-reasoning,alias,api-requests-post-json,complete,fail,pass,findings,not_detected,stop,200.0,512,0.0024856,True,complete,pass,pass,pass,not_detected,stop,200,512,0.0016531,True,complete,pass,pass,pass,not_detected,stop,200.0,512,0.0013943,True,complete_pair,complete_pair
xai,grok-4.20-experimental-beta-reasoning-latest,grok-4.20-0309-reasoning,alias,api-pandas-groupby,complete,pass,pass,pass,not_detected,stop,200.0,512,0.00338935,True,complete,pass,pass,pass,not_detected,stop,200,512,0.00142965,True,complete,pass,pass,pass,not_detected,stop,200.0,512,0.0053156,True,complete_pair,complete_pair
xai,grok-4.20-experimental-beta-reasoning-latest,grok-4.20-0309-reasoning,alias,api-pandas-merge,complete,pass,pass,pass,not_detected,stop,200.0,512,0.0026856,True,complete,pass,pass,pass,not_detected,stop,200,512,0.00524435,True,complete,pass,pass,pass,not_detected,stop,200.0,512,0.0069781,True,complete_pair,complete_pair
xai,grok-4.20-experimental-beta-reasoning-latest,grok-4.20-0309-reasoning,alias,api-numpy-norm,complete,pass,pass,pass,not_detected,stop,200.0,512,0.0023231,True,complete,pass,pass,pass,not_detected,stop,200,512,0.00210435,True,complete,pass,pass,pass,not_detected,stop,200.0,512,0.0023031,True,complete_pair,complete_pair
xai,grok-4.20-experimental-beta-reasoning-latest,grok-4.20-0309-reasoning,alias,api-numpy-reshape,complete,pass,pass,pass,not_detected,stop,200.0,512,0.00348685,True,complete,pass,pass,pass,not_detected,stop,200,512,0.00195935,True,complete,pass,pass,pass,not_detected,stop,200.0,512,0.0034609,True,complete_pair,complete_pair
xai,grok-4.20-experimental-beta-reasoning-latest,grok-4.20-0309-reasoning,alias,api-requests-get-json,complete,fail,pass,findings,not_detected,stop,200.0,512,0.00228935,True,complete,pass,pass,pass,not_detected,stop,200,512,0.0014009,True,complete,pass,pass,pass,not_detected,stop,200.0,512,0.0012143,True,complete_pair,complete_pair
xai,grok-4.20-experimental-beta-reasoning-latest,grok-4.20-0309-reasoning,alias,api-requests-post-json,complete,fail,pass,findings,not_detected,stop,200.0,512,0.0021009,True,complete,pass,pass,pass,not_detected,stop,200,512,0.0011937,True,complete,pass,pass,pass,not_detected,stop,200.0,512,0.0015681,True,complete_pair,complete_pair
xai,grok-4.20-experimental-beta-latest,grok-4.20-0309-reasoning,alias,api-pandas-groupby,complete,pass,pass,pass,not_detected,stop,200.0,512,0.00303185,True,complete,pass,pass,pass,not_detected,stop,200,512,0.00152715,True,complete,pass,pass,pass,not_detected,stop,200.0,512,0.0041056,True,complete_pair,complete_pair
xai,grok-4.20-experimental-beta-latest,grok-4.20-0309-reasoning,alias,api-pandas-merge,complete,pass,pass,pass,not_detected,stop,200.0,512,0.0019384,True,complete,pass,pass,pass,not_detected,stop,200,512,0.00332745,True,complete,fail,pass,pass,not_detected,stop,200.0,512,0.0069181,True,complete_pair,complete_pair
xai,grok-4.20-experimental-beta-latest,grok-4.20-0309-reasoning,alias,api-numpy-norm,complete,pass,pass,pass,not_detected,stop,200.0,512,0.0016509,True,complete,pass,pass,pass,not_detected,stop,200,512,0.00218215,True,complete,pass,pass,pass,not_detected,stop,200.0,512,0.0029634,True,complete_pair,complete_pair
xai,grok-4.20-experimental-beta-latest,grok-4.20-0309-reasoning,alias,api-numpy-reshape,complete,pass,pass,pass,not_detected,stop,200.0,512,0.00322215,True,complete,pass,pass,pass,not_detected,stop,200,512,0.00316185,True,complete,pass,pass,pass,not_detected,stop,200.0,512,0.0023581,True,complete_pair,complete_pair
xai,grok-4.20-experimental-beta-latest,grok-4.20-0309-reasoning,alias,api-requests-get-json,complete,fail,pass,findings,not_detected,stop,200.0,512,0.00250465,True,complete,pass,pass,pass,not_detected,stop,200,512,0.0013606,True,complete,pass,pass,pass,not_detected,stop,200.0,512,0.0012268,True,complete_pair,complete_pair
xai,grok-4.20-experimental-beta-latest,grok-4.20-0309-reasoning,alias,api-requests-post-json,complete,fail,pass,findings,not_detected,stop,200.0,512,0.0024059,True,complete,pass,pass,pass,not_detected,stop,200,512,0.0013806,True,complete,pass,pass,pass,not_detected,stop,200.0,512,0.0017218,True,complete_pair,complete_pair
xai,grok-4.20-reasoning-gv2,grok-4.20-0309-reasoning,alias,api-pandas-groupby,complete,pass,pass,pass,not_detected,stop,200.0,512,0.00302465,True,complete,pass,pass,pass,not_detected,stop,200,512,0.00154685,True,complete,pass,pass,pass,not_detected,stop,200.0,512,0.0028602,True,complete_pair,complete_pair
xai,grok-4.20-reasoning-gv2,grok-4.20-0309-reasoning,alias,api-pandas-merge,complete,pass,pass,pass,not_detected,stop,200.0,512,0.0028231,True,complete,pass,pass,pass,not_detected,stop,200,512,0.00560185,True,complete,fail,pass,pass,not_detected,stop,200.0,512,0.0058152,True,complete_pair,complete_pair
xai,grok-4.20-reasoning-gv2,grok-4.20-0309-reasoning,alias,api-numpy-norm,complete,pass,pass,pass,not_detected,stop,200.0,512,0.0019731,True,complete,pass,pass,pass,not_detected,stop,200,512,0.00161185,True,complete,pass,pass,pass,not_detected,stop,200.0,512,0.0020906,True,complete_pair,complete_pair
xai,grok-4.20-reasoning-gv2,grok-4.20-0309-reasoning,alias,api-numpy-reshape,complete,pass,pass,pass,not_detected,stop,200.0,512,0.00318465,True,complete,pass,pass,pass,not_detected,stop,200,512,0.00247465,True,complete,pass,pass,pass,not_detected,stop,200.0,512,0.0028771,True,complete_pair,complete_pair
xai,grok-4.20-reasoning-gv2,grok-4.20-0309-reasoning,alias,api-requests-get-json,complete,fail,pass,findings,not_detected,stop,200.0,512,0.00321215,True,complete,pass,pass,pass,not_detected,stop,200,512,0.0014409,True,complete,pass,pass,pass,not_detected,stop,200.0,512,0.0013043,True,complete_pair,complete_pair
xai,grok-4.20-reasoning-gv2,grok-4.20-0309-reasoning,alias,api-requests-post-json,complete,fail,pass,findings,not_detected,stop,200.0,512,0.0026506,True,complete,pass,pass,pass,not_detected,stop,200,512,0.0017456,True,complete,pass,pass,pass,not_detected,stop,200.0,512,0.0018781,True,complete_pair,complete_pair
xai,grok-4.20-multi-agent-0309,grok-4.20-multi-agent-0309,catalog_entry,api-pandas-groupby,complete,pass,pass,pass,not_detected,completed,200.0,512,0.0206534,True,complete,pass,pass,pass,not_detected,completed,200,512,0.0126149,True,complete,pass,pass,pass,not_detected,completed,200.0,512,0.0194784,True,complete_pair,complete_pair
xai,grok-4.20-multi-agent-0309,grok-4.20-multi-agent-0309,catalog_entry,api-pandas-merge,complete,pass,pass,pass,not_detected,completed,200.0,512,0.00693075,True,complete,pass,pass,pass,not_detected,completed,200,512,0.00810575,True,transport_or_parse_error,not_run,not_run,not_run,not_run,,,512,,True,complete_pair,infrastructure_error_pair
xai,grok-4.20-multi-agent-0309,grok-4.20-multi-agent-0309,catalog_entry,api-numpy-norm,complete,pass,pass,pass,not_detected,completed,200.0,512,0.006315,True,complete,pass,pass,pass,not_detected,completed,200,512,0.00486575,True,complete,pass,pass,pass,not_detected,completed,200.0,512,0.0164197,True,complete_pair,complete_pair
xai,grok-4.20-multi-agent-0309,grok-4.20-multi-agent-0309,catalog_entry,api-numpy-reshape,complete,pass,pass,pass,not_detected,completed,200.0,512,0.02979275,True,complete,pass,pass,pass,not_detected,completed,200,512,0.0135654,True,complete,pass,pass,pass,not_detected,completed,200.0,512,0.020161,True,complete_pair,complete_pair
xai,grok-4.20-multi-agent-0309,grok-4.20-multi-agent-0309,catalog_entry,api-requests-get-json,complete,fail,pass,findings,not_detected,completed,200.0,512,0.01009425,True,complete,pass,pass,pass,not_detected,completed,200,512,0.00437325,True,complete,pass,pass,pass,not_detected,completed,200.0,512,0.01319285,True,complete_pair,complete_pair
xai,grok-4.20-multi-agent-0309,grok-4.20-multi-agent-0309,catalog_entry,api-requests-post-json,complete,fail,pass,findings,not_detected,completed,200.0,512,0.00816325,True,complete,pass,pass,pass,not_detected,completed,200,512,0.0137059,True,complete,pass,pass,pass,not_detected,completed,200.0,512,0.0149993,True,complete_pair,complete_pair
xai,grok-4.20-multi-agent,grok-4.20-multi-agent-0309,alias,api-pandas-groupby,complete,pass,pass,pass,not_detected,completed,200.0,512,0.0228494,True,complete,pass,pass,pass,not_detected,completed,200,512,0.00918995,True,complete,pass,pass,pass,not_detected,completed,200.0,512,0.0246582,True,complete_pair,complete_pair
xai,grok-4.20-multi-agent,grok-4.20-multi-agent-0309,alias,api-pandas-merge,complete,pass,pass,pass,not_detected,completed,200.0,512,0.0102309,True,complete,pass,pass,pass,not_detected,completed,200,512,0.01447325,True,complete,fail,pass,pass,not_detected,completed,200.0,512,0.0340912,True,complete_pair,complete_pair
xai,grok-4.20-multi-agent,grok-4.20-multi-agent-0309,alias,api-numpy-norm,complete,pass,pass,pass,not_detected,completed,200.0,512,0.00556075,True,complete,pass,pass,pass,not_detected,completed,200,512,0.00477635,True,complete,pass,pass,pass,not_detected,completed,200.0,512,0.01614625,True,complete_pair,complete_pair
xai,grok-4.20-multi-agent,grok-4.20-multi-agent-0309,alias,api-numpy-reshape,complete,pass,pass,pass,not_detected,completed,200.0,512,0.02549805,True,complete,pass,pass,pass,not_detected,completed,200,512,0.00795835,True,complete,pass,pass,pass,not_detected,completed,200.0,512,0.01724565,True,complete_pair,complete_pair
xai,grok-4.20-multi-agent,grok-4.20-multi-agent-0309,alias,api-requests-get-json,complete,fail,pass,findings,not_detected,completed,200.0,512,0.00940935,True,complete,pass,pass,pass,not_detected,completed,200,512,0.01228125,True,complete,pass,pass,pass,not_detected,completed,200.0,512,0.0079087,True,complete_pair,complete_pair
xai,grok-4.20-multi-agent,grok-4.20-multi-agent-0309,alias,api-requests-post-json,complete,fail,pass,findings,not_detected,completed,200.0,512,0.00751355,True,complete,pass,pass,pass,not_detected,completed,200,512,0.01326195,True,complete,pass,pass,pass,not_detected,completed,200.0,512,0.01367025,True,complete_pair,complete_pair
xai,grok-4.20-multi-agent-latest,grok-4.20-multi-agent-0309,alias,api-pandas-groupby,complete,pass,pass,pass,not_detected,completed,200.0,512,0.01579425,True,complete,pass,pass,pass,not_detected,completed,200,512,0.01204835,True,complete,pass,pass,pass,not_detected,completed,200.0,512,0.01186955,True,complete_pair,complete_pair
xai,grok-4.20-multi-agent-latest,grok-4.20-multi-agent-0309,alias,api-pandas-merge,complete,pass,pass,pass,not_detected,completed,200.0,512,0.0297384,True,complete,pass,pass,pass,not_detected,completed,200,512,0.01441665,True,complete,fail,pass,pass,not_detected,completed,200.0,512,0.02148745,True,complete_pair,complete_pair
xai,grok-4.20-multi-agent-latest,grok-4.20-multi-agent-0309,alias,api-numpy-norm,complete,pass,pass,pass,not_detected,completed,200.0,512,0.010009,True,complete,pass,pass,pass,not_detected,completed,200,512,0.00481355,True,complete,pass,pass,pass,not_detected,completed,200.0,512,0.0146734,True,complete_pair,complete_pair
xai,grok-4.20-multi-agent-latest,grok-4.20-multi-agent-0309,alias,api-numpy-reshape,complete,pass,pass,pass,not_detected,completed,200.0,512,0.02279465,True,complete,pass,pass,pass,not_detected,completed,200,512,0.0101489,True,complete,pass,pass,pass,not_detected,completed,200.0,512,0.02018035,True,complete_pair,complete_pair
xai,grok-4.20-multi-agent-latest,grok-4.20-multi-agent-0309,alias,api-requests-get-json,complete,fail,pass,findings,not_detected,completed,200.0,512,0.00654135,True,complete,pass,pass,pass,not_detected,completed,200,512,0.00420605,True,complete,pass,pass,pass,not_detected,completed,200.0,512,0.01607605,True,complete_pair,complete_pair
xai,grok-4.20-multi-agent-latest,grok-4.20-multi-agent-0309,alias,api-requests-post-json,complete,fail,pass,findings,not_detected,completed,200.0,512,0.0103272,True,complete,pass,pass,pass,not_detected,completed,200,512,0.00584075,True,complete,pass,pass,pass,not_detected,completed,200.0,512,0.00629945,True,complete_pair,complete_pair
xai,grok-4.20-multi-agent-beta-latest,grok-4.20-multi-agent-0309,alias,api-pandas-groupby,complete,pass,pass,pass,not_detected,completed,200.0,512,0.00992265,True,complete,pass,pass,pass,not_detected,completed,200,512,0.00497415,True,complete,pass,pass,pass,not_detected,completed,200.0,512,0.0216056,True,complete_pair,complete_pair
xai,grok-4.20-multi-agent-beta-latest,grok-4.20-multi-agent-0309,alias,api-pandas-merge,complete,pass,pass,pass,not_detected,completed,200.0,512,0.00870075,True,complete,pass,pass,pass,not_detected,completed,200,512,0.0153567,True,complete,pass,pass,pass,not_detected,completed,200.0,512,0.0365957,True,complete_pair,complete_pair
xai,grok-4.20-multi-agent-beta-latest,grok-4.20-multi-agent-0309,alias,api-numpy-norm,complete,pass,pass,pass,not_detected,completed,200.0,512,0.0141473,True,complete,pass,pass,pass,not_detected,completed,200,512,0.01314025,True,complete,pass,pass,pass,not_detected,completed,200.0,512,0.0175074,True,complete_pair,complete_pair
xai,grok-4.20-multi-agent-beta-latest,grok-4.20-multi-agent-0309,alias,api-numpy-reshape,complete,pass,pass,pass,not_detected,completed,200.0,512,0.027772,True,complete,pass,pass,pass,not_detected,completed,200,512,0.00571915,True,complete,pass,pass,pass,not_detected,completed,200.0,512,0.0140961,True,complete_pair,complete_pair
xai,grok-4.20-multi-agent-beta-latest,grok-4.20-multi-agent-0309,alias,api-requests-get-json,complete,fail,pass,findings,not_detected,completed,200.0,512,0.0235252,True,complete,pass,pass,pass,not_detected,completed,200,512,0.00529135,True,complete,pass,pass,pass,not_detected,completed,200.0,512,0.01576,True,complete_pair,complete_pair
xai,grok-4.20-multi-agent-beta-latest,grok-4.20-multi-agent-0309,alias,api-requests-post-json,complete,fail,pass,findings,not_detected,completed,200.0,512,0.00813575,True,complete,pass,pass,pass,not_detected,completed,200,512,0.006817,True,complete,pass,pass,pass,not_detected,completed,200.0,512,0.00910535,True,complete_pair,complete_pair
xai,grok-4.20-multi-agent-experimental-beta-0304,grok-4.20-multi-agent-0309,alias,api-pandas-groupby,complete,pass,pass,pass,not_detected,completed,200.0,512,0.0225138,True,complete,pass,pass,pass,not_detected,completed,200,512,0.0096925,True,complete,pass,pass,pass,not_detected,completed,200.0,512,0.02087515,True,complete_pair,complete_pair
xai,grok-4.20-multi-agent-experimental-beta-0304,grok-4.20-multi-agent-0309,alias,api-pandas-merge,complete,pass,pass,pass,not_detected,completed,200.0,512,0.0174521,True,complete,pass,pass,pass,not_detected,completed,200,512,0.01904165,True,complete,fail,pass,pass,not_detected,completed,200.0,512,0.0321197,True,complete_pair,complete_pair
xai,grok-4.20-multi-agent-experimental-beta-0304,grok-4.20-multi-agent-0309,alias,api-numpy-norm,complete,pass,pass,pass,not_detected,completed,200.0,512,0.00878225,True,complete,pass,pass,pass,not_detected,completed,200,512,0.01189225,True,complete,pass,pass,pass,not_detected,completed,200.0,512,0.00606435,True,complete_pair,complete_pair
xai,grok-4.20-multi-agent-experimental-beta-0304,grok-4.20-multi-agent-0309,alias,api-numpy-reshape,complete,pass,pass,pass,not_detected,completed,200.0,512,0.01793425,True,complete,pass,pass,pass,not_detected,completed,200,512,0.0070517,True,complete,pass,pass,pass,not_detected,completed,200.0,512,0.0137256,True,complete_pair,complete_pair
xai,grok-4.20-multi-agent-experimental-beta-0304,grok-4.20-multi-agent-0309,alias,api-requests-get-json,complete,fail,pass,findings,not_detected,completed,200.0,512,0.00816855,True,complete,pass,pass,pass,not_detected,completed,200,512,0.00886405,True,complete,pass,pass,pass,not_detected,completed,200.0,512,0.00823985,True,complete_pair,complete_pair
xai,grok-4.20-multi-agent-experimental-beta-0304,grok-4.20-multi-agent-0309,alias,api-requests-post-json,complete,fail,pass,findings,not_detected,completed,200.0,512,0.00737135,True,complete,pass,pass,pass,not_detected,completed,200,512,0.018108,True,complete,pass,pass,pass,not_detected,completed,200.0,512,0.0128733,True,complete_pair,complete_pair
xai,grok-4.20-multi-agent-experimental-beta-latest,grok-4.20-multi-agent-0309,alias,api-pandas-groupby,complete,pass,pass,pass,not_detected,completed,200.0,512,0.00799105,True,complete,pass,pass,pass,not_detected,completed,200,512,0.01460445,True,complete,pass,pass,pass,not_detected,completed,200.0,512,0.0274273,True,complete_pair,complete_pair
xai,grok-4.20-multi-agent-experimental-beta-latest,grok-4.20-multi-agent-0309,alias,api-pandas-merge,complete,pass,pass,pass,not_detected,completed,200.0,512,0.00797165,True,complete,pass,pass,pass,not_detected,completed,200,512,0.01624405,True,complete,fail,pass,pass,not_detected,completed,200.0,512,0.0651061,True,complete_pair,complete_pair
xai,grok-4.20-multi-agent-experimental-beta-latest,grok-4.20-multi-agent-0309,alias,api-numpy-norm,complete,pass,pass,pass,not_detected,completed,200.0,512,0.02503395,True,complete,pass,pass,pass,not_detected,completed,200,512,0.00392135,True,complete,pass,pass,pass,not_detected,completed,200.0,512,0.0157118,True,complete_pair,complete_pair
xai,grok-4.20-multi-agent-experimental-beta-latest,grok-4.20-multi-agent-0309,alias,api-numpy-reshape,complete,pass,pass,pass,not_detected,completed,200.0,512,0.0164455,True,complete,pass,pass,pass,not_detected,completed,200,512,0.00584885,True,complete,pass,pass,pass,not_detected,completed,200.0,512,0.0140413,True,complete_pair,complete_pair
xai,grok-4.20-multi-agent-experimental-beta-latest,grok-4.20-multi-agent-0309,alias,api-requests-get-json,complete,fail,pass,findings,not_detected,completed,200.0,512,0.008807,True,complete,pass,pass,pass,not_detected,completed,200,512,0.00526915,True,complete,pass,pass,pass,not_detected,completed,200.0,512,0.00804935,True,complete_pair,complete_pair
xai,grok-4.20-multi-agent-experimental-beta-latest,grok-4.20-multi-agent-0309,alias,api-requests-post-json,complete,fail,pass,findings,not_detected,completed,200.0,512,0.00803445,True,complete,pass,pass,pass,not_detected,completed,200,512,0.0079948,True,complete,pass,pass,pass,not_detected,completed,200.0,512,0.0151408,True,complete_pair,complete_pair
xai,grok-4.20-multi-agent-beta-0309,grok-4.20-multi-agent-0309,alias,api-pandas-groupby,complete,pass,pass,pass,not_detected,completed,200.0,512,0.01986065,True,complete,pass,pass,pass,not_detected,completed,200,512,0.01461845,True,complete,pass,pass,pass,not_detected,completed,200.0,512,0.0188374,True,complete_pair,complete_pair
xai,grok-4.20-multi-agent-beta-0309,grok-4.20-multi-agent-0309,alias,api-pandas-merge,complete,pass,pass,pass,not_detected,completed,200.0,512,0.0170771,True,complete,pass,pass,pass,not_detected,completed,200,512,0.0202603,True,complete,fail,pass,pass,not_detected,completed,200.0,512,0.04087,True,complete_pair,complete_pair
xai,grok-4.20-multi-agent-beta-0309,grok-4.20-multi-agent-0309,alias,api-numpy-norm,complete,pass,pass,pass,not_detected,completed,200.0,512,0.01728865,True,complete,pass,pass,pass,not_detected,completed,200,512,0.007637,True,complete,pass,pass,pass,not_detected,completed,200.0,512,0.0086716,True,complete_pair,complete_pair
xai,grok-4.20-multi-agent-beta-0309,grok-4.20-multi-agent-0309,alias,api-numpy-reshape,complete,pass,pass,pass,not_detected,completed,200.0,512,0.0141941,True,complete,pass,pass,pass,not_detected,completed,200,512,0.0175794,True,complete,pass,pass,pass,not_detected,completed,200.0,512,0.0152598,True,complete_pair,complete_pair
xai,grok-4.20-multi-agent-beta-0309,grok-4.20-multi-agent-0309,alias,api-requests-get-json,complete,fail,pass,findings,not_detected,completed,200.0,512,0.00473635,True,complete,pass,pass,pass,not_detected,completed,200,512,0.00444695,True,complete,pass,pass,pass,not_detected,completed,200.0,512,0.0122579,True,complete_pair,complete_pair
xai,grok-4.20-multi-agent-beta-0309,grok-4.20-multi-agent-0309,alias,api-requests-post-json,complete,fail,pass,findings,not_detected,completed,200.0,512,0.0108651,True,complete,pass,pass,pass,not_detected,completed,200,512,0.00673415,True,complete,pass,pass,pass,not_detected,completed,200.0,512,0.0112283,True,complete_pair,complete_pair
xai,grok-4.3,grok-4.3,catalog_entry,api-pandas-groupby,complete,pass,pass,pass,not_detected,stop,200.0,512,0.00135435,True,complete,pass,pass,pass,not_detected,stop,200,512,0.00108685,True,complete,pass,pass,pass,not_detected,stop,200.0,512,0.0021056,True,complete_pair,complete_pair
xai,grok-4.3,grok-4.3,catalog_entry,api-pandas-merge,complete,pass,pass,pass,not_detected,stop,200.0,512,0.0012281,True,complete,pass,pass,pass,not_detected,stop,200,512,0.00144685,True,complete,pass,pass,pass,not_detected,stop,200.0,512,0.0024231,True,complete_pair,complete_pair
xai,grok-4.3,grok-4.3,catalog_entry,api-numpy-norm,complete,pass,pass,pass,not_detected,stop,200.0,512,0.0009531,True,complete,pass,pass,pass,not_detected,stop,200,512,0.00078435,True,complete,pass,pass,pass,not_detected,stop,200.0,512,0.0012656,True,complete_pair,complete_pair
xai,grok-4.3,grok-4.3,catalog_entry,api-numpy-reshape,complete,pass,pass,pass,not_detected,stop,200.0,512,0.00132185,True,complete,pass,pass,pass,not_detected,stop,200,512,0.00080935,True,complete,pass,pass,pass,not_detected,stop,200.0,512,0.0013756,True,complete_pair,complete_pair
xai,grok-4.3,grok-4.3,catalog_entry,api-requests-get-json,complete,fail,pass,findings,not_detected,stop,200.0,512,0.00103435,True,complete,pass,pass,pass,not_detected,stop,200,512,0.0008334,True,complete,pass,pass,pass,not_detected,stop,200.0,512,0.0013131,True,complete_pair,complete_pair
xai,grok-4.3,grok-4.3,catalog_entry,api-requests-post-json,complete,fail,pass,findings,not_detected,stop,200.0,512,0.0012606,True,complete,pass,pass,pass,not_detected,stop,200,512,0.0009434,True,complete,pass,pass,pass,not_detected,stop,200.0,512,0.0013456,True,complete_pair,complete_pair
xai,grok-4.3-latest,grok-4.3,alias,api-pandas-groupby,complete,pass,pass,pass,not_detected,stop,200.0,512,0.00125715,True,complete,pass,pass,pass,not_detected,stop,200,512,0.00102435,True,complete,pass,pass,pass,not_detected,stop,200.0,512,0.0018981,True,complete_pair,complete_pair
xai,grok-4.3-latest,grok-4.3,alias,api-pandas-merge,complete,pass,pass,pass,not_detected,stop,200.0,512,0.0014156,True,complete,pass,pass,pass,not_detected,stop,200,512,0.00162185,True,complete,fail,pass,pass,not_detected,stop,200.0,512,0.0030331,True,complete_pair,complete_pair
xai,grok-4.3-latest,grok-4.3,alias,api-numpy-norm,complete,pass,pass,pass,not_detected,stop,200.0,512,0.0012581,True,complete,pass,pass,pass,not_detected,stop,200,512,0.00089965,True,complete,pass,pass,pass,not_detected,stop,200.0,512,0.0009871,True,complete_pair,complete_pair
xai,grok-4.3-latest,grok-4.3,alias,api-numpy-reshape,complete,pass,pass,pass,not_detected,stop,200.0,512,0.00144965,True,complete,pass,pass,pass,not_detected,stop,200,512,0.00115965,True,complete,pass,pass,pass,not_detected,stop,200.0,512,0.0016506,True,complete_pair,complete_pair
xai,grok-4.3-latest,grok-4.3,alias,api-requests-get-json,complete,fail,pass,findings,not_detected,stop,200.0,512,0.00107935,True,complete,pass,pass,pass,not_detected,stop,200,512,0.0009606,True,complete,pass,pass,pass,not_detected,stop,200.0,512,0.0010793,True,complete_pair,complete_pair
xai,grok-4.3-latest,grok-4.3,alias,api-requests-post-json,complete,fail,pass,findings,not_detected,stop,200.0,512,0.0010087,True,complete,pass,pass,pass,not_detected,stop,200,512,0.0008762,True,complete,pass,pass,pass,not_detected,stop,200.0,512,0.0009071,True,complete_pair,complete_pair
xai,grok-4.5,grok-4.5,catalog_entry,api-pandas-groupby,complete,pass,pass,pass,not_detected,stop,200.0,512,0.0027092,True,complete,pass,pass,pass,not_detected,stop,200,512,0.0020632,True,complete,pass,pass,pass,not_detected,stop,200.0,512,0.0032512,True,complete_pair,complete_pair
xai,grok-4.5,grok-4.5,catalog_entry,api-pandas-merge,complete,pass,pass,pass,not_detected,stop,200.0,512,0.0024012,True,complete,pass,pass,pass,not_detected,stop,200,512,0.0018972,True,complete,pass,pass,pass,not_detected,stop,200.0,512,0.0064152,True,complete_pair,complete_pair
xai,grok-4.5,grok-4.5,catalog_entry,api-numpy-norm,complete,pass,pass,pass,not_detected,stop,200.0,512,0.0014832,True,complete,pass,pass,pass,not_detected,stop,200,512,0.00183,True,complete,pass,pass,pass,not_detected,stop,200.0,512,0.0024672,True,complete_pair,complete_pair
xai,grok-4.5,grok-4.5,catalog_entry,api-numpy-reshape,complete,pass,pass,pass,not_detected,stop,200.0,512,0.0016232,True,complete,pass,pass,pass,not_detected,stop,200,512,0.0018812,True,complete,pass,pass,pass,not_detected,stop,200.0,512,0.0026612,True,complete_pair,complete_pair
xai,grok-4.5,grok-4.5,catalog_entry,api-requests-get-json,complete,fail,pass,findings,not_detected,stop,200.0,512,0.0035172,True,complete,pass,pass,pass,not_detected,stop,200,512,0.0017852,True,complete,pass,pass,pass,not_detected,stop,200.0,512,0.0017772,True,complete_pair,complete_pair
xai,grok-4.5,grok-4.5,catalog_entry,api-requests-post-json,complete,fail,pass,findings,not_detected,stop,200.0,512,0.0048372,True,complete,pass,pass,pass,not_detected,stop,200,512,0.0019112,True,complete,pass,pass,pass,not_detected,stop,200.0,512,0.0023112,True,complete_pair,complete_pair
xai,grok-4.5-latest,grok-4.5,alias,api-pandas-groupby,complete,pass,pass,pass,not_detected,stop,200.0,512,0.002096,True,complete,pass,pass,pass,not_detected,stop,200,512,0.0016116,True,complete,pass,pass,pass,not_detected,stop,200.0,512,0.0024408,True,complete_pair,complete_pair
xai,grok-4.5-latest,grok-4.5,alias,api-pandas-merge,complete,pass,pass,pass,not_detected,stop,200.0,512,0.0021836,True,complete,pass,pass,pass,not_detected,stop,200,512,0.0014336,True,complete,pass,pass,pass,not_detected,stop,200.0,512,0.0056768,True,complete_pair,complete_pair
xai,grok-4.5-latest,grok-4.5,alias,api-numpy-norm,complete,pass,pass,pass,not_detected,stop,200.0,512,0.0015416,True,complete,pass,pass,pass,not_detected,stop,200,512,0.0008996,True,complete,pass,pass,pass,not_detected,stop,200.0,512,0.0010464,True,complete_pair,complete_pair
xai,grok-4.5-latest,grok-4.5,alias,api-numpy-reshape,complete,pass,pass,pass,not_detected,stop,200.0,512,0.0024932,True,complete,pass,pass,pass,not_detected,stop,200,512,0.0017552,True,complete,pass,pass,pass,not_detected,stop,200.0,512,0.0019784,True,complete_pair,complete_pair
xai,grok-4.5-latest,grok-4.5,alias,api-requests-get-json,complete,fail,pass,findings,not_detected,stop,200.0,512,0.0032936,True,complete,pass,pass,pass,not_detected,stop,200,512,0.0011296,True,complete,pass,pass,pass,not_detected,stop,200.0,512,0.0017832,True,complete_pair,complete_pair
xai,grok-4.5-latest,grok-4.5,alias,api-requests-post-json,complete,fail,pass,findings,not_detected,stop,200.0,512,0.0064512,True,complete,pass,pass,pass,not_detected,stop,200,512,0.0016756,True,complete,pass,pass,pass,not_detected,stop,200.0,512,0.0016524,True,complete_pair,complete_pair
xai,grok-build-latest,grok-4.5,alias,api-pandas-groupby,complete,pass,pass,pass,not_detected,stop,200.0,512,0.0017356,True,complete,pass,pass,pass,not_detected,stop,200,512,0.0016116,True,complete,pass,pass,pass,not_detected,stop,200.0,512,0.0037188,True,complete_pair,complete_pair
xai,grok-build-latest,grok-4.5,alias,api-pandas-merge,complete,pass,pass,pass,not_detected,stop,200.0,512,0.0023892,True,complete,pass,pass,pass,not_detected,stop,200,512,0.0016452,True,complete,pass,pass,pass,not_detected,stop,200.0,512,0.0057372,True,complete_pair,complete_pair
xai,grok-build-latest,grok-4.5,alias,api-numpy-norm,complete,pass,pass,pass,not_detected,stop,200.0,512,0.0013436,True,complete,pass,pass,pass,not_detected,stop,200,512,0.0013812,True,complete,pass,pass,pass,not_detected,stop,200.0,512,0.0010464,True,complete_pair,complete_pair
xai,grok-build-latest,grok-4.5,alias,api-numpy-reshape,complete,pass,pass,pass,not_detected,stop,200.0,512,0.0015212,True,complete,pass,pass,pass,not_detected,stop,200,512,0.0015796,True,complete,pass,pass,pass,not_detected,stop,200.0,512,0.0019784,True,complete_pair,complete_pair
xai,grok-build-latest,grok-4.5,alias,api-requests-get-json,complete,fail,pass,findings,not_detected,stop,200.0,512,0.0034212,True,complete,pass,pass,pass,not_detected,stop,200,512,0.0011296,True,complete,pass,pass,pass,not_detected,stop,200.0,512,0.0017772,True,complete_pair,complete_pair
xai,grok-build-latest,grok-4.5,alias,api-requests-post-json,complete,fail,pass,findings,not_detected,stop,200.0,512,0.0061796,True,complete,pass,pass,pass,not_detected,stop,200,512,0.0016756,True,complete,pass,pass,pass,not_detected,stop,200.0,512,0.0023112,True,complete_pair,complete_pair
xai,grok-4.6,grok-4.6,catalog_entry,api-pandas-groupby,complete,pass,pass,pass,not_detected,stop,200.0,512,0.002776,True,complete,pass,pass,pass,not_detected,stop,200,512,0.002274,True,complete,pass,pass,pass,not_detected,stop,200.0,512,0.008514,True,complete_pair,complete_pair
xai,grok-4.6,grok-4.6,catalog_entry,api-pandas-merge,complete,pass,pass,pass,not_detected,stop,200.0,512,0.002954,True,complete,pass,pass,pass,not_detected,stop,200,512,0.005372,True,complete,pass,pass,pass,not_detected,stop,200.0,512,0.01346,True,complete_pair,complete_pair
xai,grok-4.6,grok-4.6,catalog_entry,api-numpy-norm,complete,pass,pass,pass,not_detected,stop,200.0,512,0.002948,True,complete,pass,pass,pass,not_detected,stop,200,512,0.001892,True,complete,pass,pass,pass,not_detected,stop,200.0,512,0.00353,True,complete_pair,complete_pair
xai,grok-4.6,grok-4.6,catalog_entry,api-numpy-reshape,complete,pass,pass,pass,not_detected,stop,200.0,512,0.004558,True,complete,pass,pass,pass,not_detected,stop,200,512,0.003268,True,complete,pass,pass,pass,not_detected,stop,200.0,512,0.003562,True,complete_pair,complete_pair
xai,grok-4.6,grok-4.6,catalog_entry,api-requests-get-json,complete,fail,pass,findings,not_detected,stop,200.0,512,0.01022,True,complete,pass,pass,pass,not_detected,stop,200,512,0.001906,True,complete,pass,pass,pass,not_detected,stop,200.0,512,0.0026,True,complete_pair,complete_pair
xai,grok-4.6,grok-4.6,catalog_entry,api-requests-post-json,complete,fail,pass,findings,not_detected,stop,200.0,512,0.010346,True,complete,pass,pass,pass,not_detected,stop,200,512,0.002632,True,complete,pass,pass,pass,not_detected,stop,200.0,512,0.003782,True,complete_pair,complete_pair
xai,grok-4.7,grok-4.7,catalog_entry,api-pandas-groupby,complete,pass,pass,pass,not_detected,stop,200.0,512,0.002998,True,complete,pass,pass,pass,not_detected,stop,200,512,0.002898,True,complete,pass,pass,pass,not_detected,stop,200.0,512,0.008382,True,complete_pair,complete_pair
xai,grok-4.7,grok-4.7,catalog_entry,api-pandas-merge,complete,pass,pass,pass,not_detected,stop,200.0,512,0.003638,True,complete,pass,pass,pass,not_detected,stop,200,512,0.006248,True,complete,pass,pass,pass,not_detected,stop,200.0,512,0.02087,True,complete_pair,complete_pair
xai,grok-4.7,grok-4.7,catalog_entry,api-numpy-norm,complete,pass,pass,pass,not_detected,stop,200.0,512,0.00242,True,complete,pass,pass,pass,not_detected,stop,200,512,0.001934,True,complete,pass,pass,pass,not_detected,stop,200.0,512,0.00281,True,complete_pair,complete_pair
xai,grok-4.7,grok-4.7,catalog_entry,api-numpy-reshape,complete,pass,pass,pass,not_detected,stop,200.0,512,0.005248,True,complete,pass,pass,pass,not_detected,stop,200,512,0.001678,True,complete,pass,pass,pass,not_detected,stop,200.0,512,0.003556,True,complete_pair,complete_pair
xai,grok-4.7,grok-4.7,catalog_entry,api-requests-get-json,complete,fail,pass,findings,not_detected,stop,200.0,512,0.006848,True,complete,pass,pass,pass,not_detected,stop,200,512,0.002356,True,complete,pass,pass,pass,not_detected,stop,200.0,512,0.003176,True,complete_pair,complete_pair
xai,grok-4.7,grok-4.7,catalog_entry,api-requests-post-json,complete,fail,pass,findings,not_detected,stop,200.0,512,0.006458,True,complete,pass,pass,pass,not_detected,stop,200,512,0.00325,True,complete,pass,pass,pass,not_detected,stop,200.0,512,0.002972,True,complete_pair,complete_pair
xai,grok-build-0.1,grok-build-0.1,catalog_entry,api-pandas-groupby,provider_error,not_run,not_run,not_run,not_run,,503.0,512,,True,provider_error,not_run,not_run,not_run,not_run,,503,512,,True,provider_error,not_run,not_run,not_run,not_run,,503.0,512,,True,infrastructure_error_pair,infrastructure_error_pair
xai,grok-build-0.1,grok-build-0.1,catalog_entry,api-pandas-merge,provider_error,not_run,not_run,not_run,not_run,,503.0,512,,True,provider_error,not_run,not_run,not_run,not_run,,503,512,,True,provider_error,not_run,not_run,not_run,not_run,,503.0,512,,True,infrastructure_error_pair,infrastructure_error_pair
xai,grok-build-0.1,grok-build-0.1,catalog_entry,api-numpy-norm,provider_error,not_run,not_run,not_run,not_run,,503.0,512,,True,provider_error,not_run,not_run,not_run,not_run,,503,512,,True,provider_error,not_run,not_run,not_run,not_run,,503.0,512,,True,infrastructure_error_pair,infrastructure_error_pair
xai,grok-build-0.1,grok-build-0.1,catalog_entry,api-numpy-reshape,provider_error,not_run,not_run,not_run,not_run,,503.0,512,,True,provider_error,not_run,not_run,not_run,not_run,,503,512,,True,provider_error,not_run,not_run,not_run,not_run,,503.0,512,,True,infrastructure_error_pair,infrastructure_error_pair
xai,grok-build-0.1,grok-build-0.1,catalog_entry,api-requests-get-json,provider_error,not_run,not_run,not_run,not_run,,503.0,512,,True,provider_error,not_run,not_run,not_run,not_run,,503,512,,True,provider_error,not_run,not_run,not_run,not_run,,503.0,512,,True,infrastructure_error_pair,infrastructure_error_pair
xai,grok-build-0.1,grok-build-0.1,catalog_entry,api-requests-post-json,provider_error,not_run,not_run,not_run,not_run,,503.0,512,,True,provider_error,not_run,not_run,not_run,not_run,,503,512,,True,provider_error,not_run,not_run,not_run,not_run,,503.0,512,,True,infrastructure_error_pair,infrastructure_error_pair
xai,grok-code-fast-1,grok-build-0.1,alias,api-pandas-groupby,provider_error,not_run,not_run,not_run,not_run,,503.0,512,,True,provider_error,not_run,not_run,not_run,not_run,,503,512,,True,provider_error,not_run,not_run,not_run,not_run,,503.0,512,,True,infrastructure_error_pair,infrastructure_error_pair
xai,grok-code-fast-1,grok-build-0.1,alias,api-pandas-merge,provider_error,not_run,not_run,not_run,not_run,,503.0,512,,True,provider_error,not_run,not_run,not_run,not_run,,503,512,,True,provider_error,not_run,not_run,not_run,not_run,,503.0,512,,True,infrastructure_error_pair,infrastructure_error_pair
xai,grok-code-fast-1,grok-build-0.1,alias,api-numpy-norm,provider_error,not_run,not_run,not_run,not_run,,503.0,512,,True,provider_error,not_run,not_run,not_run,not_run,,503,512,,True,provider_error,not_run,not_run,not_run,not_run,,503.0,512,,True,infrastructure_error_pair,infrastructure_error_pair
xai,grok-code-fast-1,grok-build-0.1,alias,api-numpy-reshape,provider_error,not_run,not_run,not_run,not_run,,503.0,512,,True,provider_error,not_run,not_run,not_run,not_run,,503,512,,True,provider_error,not_run,not_run,not_run,not_run,,503.0,512,,True,infrastructure_error_pair,infrastructure_error_pair
xai,grok-code-fast-1,grok-build-0.1,alias,api-requests-get-json,provider_error,not_run,not_run,not_run,not_run,,503.0,512,,True,provider_error,not_run,not_run,not_run,not_run,,503,512,,True,provider_error,not_run,not_run,not_run,not_run,,503.0,512,,True,infrastructure_error_pair,infrastructure_error_pair
xai,grok-code-fast-1,grok-build-0.1,alias,api-requests-post-json,provider_error,not_run,not_run,not_run,not_run,,503.0,512,,True,provider_error,not_run,not_run,not_run,not_run,,503,512,,True,provider_error,not_run,not_run,not_run,not_run,,503.0,512,,True,infrastructure_error_pair,infrastructure_error_pair
xai,grok-code-fast,grok-build-0.1,alias,api-pandas-groupby,provider_error,not_run,not_run,not_run,not_run,,503.0,512,,True,provider_error,not_run,not_run,not_run,not_run,,503,512,,True,provider_error,not_run,not_run,not_run,not_run,,503.0,512,,True,infrastructure_error_pair,infrastructure_error_pair
xai,grok-code-fast,grok-build-0.1,alias,api-pandas-merge,provider_error,not_run,not_run,not_run,not_run,,503.0,512,,True,provider_error,not_run,not_run,not_run,not_run,,503,512,,True,provider_error,not_run,not_run,not_run,not_run,,503.0,512,,True,infrastructure_error_pair,infrastructure_error_pair
xai,grok-code-fast,grok-build-0.1,alias,api-numpy-norm,provider_error,not_run,not_run,not_run,not_run,,503.0,512,,True,provider_error,not_run,not_run,not_run,not_run,,503,512,,True,provider_error,not_run,not_run,not_run,not_run,,503.0,512,,True,infrastructure_error_pair,infrastructure_error_pair
xai,grok-code-fast,grok-build-0.1,alias,api-numpy-reshape,provider_error,not_run,not_run,not_run,not_run,,503.0,512,,True,provider_error,not_run,not_run,not_run,not_run,,503,512,,True,provider_error,not_run,not_run,not_run,not_run,,503.0,512,,True,infrastructure_error_pair,infrastructure_error_pair
xai,grok-code-fast,grok-build-0.1,alias,api-requests-get-json,provider_error,not_run,not_run,not_run,not_run,,503.0,512,,True,provider_error,not_run,not_run,not_run,not_run,,503,512,,True,provider_error,not_run,not_run,not_run,not_run,,503.0,512,,True,infrastructure_error_pair,infrastructure_error_pair
xai,grok-code-fast,grok-build-0.1,alias,api-requests-post-json,provider_error,not_run,not_run,not_run,not_run,,503.0,512,,True,provider_error,not_run,not_run,not_run,not_run,,503,512,,True,provider_error,not_run,not_run,not_run,not_run,,503.0,512,,True,infrastructure_error_pair,infrastructure_error_pair
xai,grok-code-fast-1-0825,grok-build-0.1,alias,api-pandas-groupby,provider_error,not_run,not_run,not_run,not_run,,503.0,512,,True,provider_error,not_run,not_run,not_run,not_run,,503,512,,True,provider_error,not_run,not_run,not_run,not_run,,503.0,512,,True,infrastructure_error_pair,infrastructure_error_pair
xai,grok-code-fast-1-0825,grok-build-0.1,alias,api-pandas-merge,provider_error,not_run,not_run,not_run,not_run,,503.0,512,,True,provider_error,not_run,not_run,not_run,not_run,,503,512,,True,provider_error,not_run,not_run,not_run,not_run,,503.0,512,,True,infrastructure_error_pair,infrastructure_error_pair
xai,grok-code-fast-1-0825,grok-build-0.1,alias,api-numpy-norm,provider_error,not_run,not_run,not_run,not_run,,503.0,512,,True,provider_error,not_run,not_run,not_run,not_run,,503,512,,True,provider_error,not_run,not_run,not_run,not_run,,503.0,512,,True,infrastructure_error_pair,infrastructure_error_pair
xai,grok-code-fast-1-0825,grok-build-0.1,alias,api-numpy-reshape,provider_error,not_run,not_run,not_run,not_run,,503.0,512,,True,provider_error,not_run,not_run,not_run,not_run,,503,512,,True,provider_error,not_run,not_run,not_run,not_run,,503.0,512,,True,infrastructure_error_pair,infrastructure_error_pair
xai,grok-code-fast-1-0825,grok-build-0.1,alias,api-requests-get-json,provider_error,not_run,not_run,not_run,not_run,,503.0,512,,True,provider_error,not_run,not_run,not_run,not_run,,503,512,,True,provider_error,not_run,not_run,not_run,not_run,,503.0,512,,True,infrastructure_error_pair,infrastructure_error_pair
xai,grok-code-fast-1-0825,grok-build-0.1,alias,api-requests-post-json,provider_error,not_run,not_run,not_run,not_run,,503.0,512,,True,provider_error,not_run,not_run,not_run,not_run,,503,512,,True,provider_error,not_run,not_run,not_run,not_run,,503.0,512,,True,infrastructure_error_pair,infrastructure_error_pair
mistral,codestral-2508,codestral-2508,catalog_entry,api-pandas-groupby,complete,pass,pass,pass,not_detected,stop,200.0,512,0.0001068,True,complete,pass,pass,pass,not_detected,stop,200,512,0.0001254,True,complete,pass,pass,pass,not_detected,stop,200.0,512,0.0002415,True,complete_pair,complete_pair
mistral,codestral-2508,codestral-2508,catalog_entry,api-pandas-merge,complete,pass,pass,pass,not_detected,stop,200.0,512,9.9e-05,True,complete,pass,pass,pass,not_detected,stop,200,512,0.0001629,True,complete,pass,pass,pass,not_detected,stop,200.0,512,0.0002565,True,complete_pair,complete_pair
mistral,codestral-2508,codestral-2508,catalog_entry,api-numpy-norm,complete,pass,pass,pass,not_detected,stop,200.0,512,7.2e-05,True,complete,pass,pass,pass,not_detected,stop,200,512,8.280000000000001e-05,True,complete,pass,pass,pass,not_detected,stop,200.0,512,0.000168,True,complete_pair,complete_pair
mistral,codestral-2508,codestral-2508,catalog_entry,api-numpy-reshape,complete,pass,pass,pass,not_detected,stop,200.0,512,0.0001035,True,complete,pass,pass,pass,not_detected,stop,200,512,0.00020550000000000003,True,complete,pass,pass,pass,not_detected,stop,200.0,512,0.0002493,True,complete_pair,complete_pair
mistral,codestral-2508,codestral-2508,catalog_entry,api-requests-get-json,complete,fail,pass,findings,not_detected,stop,200.0,512,0.000204,True,complete,pass,pass,pass,not_detected,stop,200,512,6.15e-05,True,complete,pass,pass,pass,not_detected,stop,200.0,512,0.0001239,True,complete_pair,complete_pair
mistral,codestral-2508,codestral-2508,catalog_entry,api-requests-post-json,complete,fail,pass,findings,not_detected,stop,200.0,512,0.00018060000000000003,True,complete,pass,pass,pass,not_detected,stop,200,512,7.05e-05,True,complete,pass,pass,pass,not_detected,stop,200.0,512,0.0001329,True,complete_pair,complete_pair
mistral,codestral-latest,codestral-2508,alias,api-pandas-groupby,complete,pass,pass,pass,not_detected,stop,200.0,512,0.0001068,True,complete,pass,pass,pass,not_detected,stop,200,512,0.000129,True,complete,pass,pass,pass,not_detected,stop,200.0,512,0.0002415,True,complete_pair,complete_pair
mistral,codestral-latest,codestral-2508,alias,api-pandas-merge,complete,pass,pass,pass,not_detected,stop,200.0,512,9.9e-05,True,complete,pass,pass,pass,not_detected,stop,200,512,0.0001629,True,complete,pass,pass,pass,not_detected,stop,200.0,512,0.00025739999999999997,True,complete_pair,complete_pair
mistral,codestral-latest,codestral-2508,alias,api-numpy-norm,complete,pass,pass,pass,not_detected,stop,200.0,512,7.2e-05,True,complete,pass,pass,pass,not_detected,stop,200,512,9.45e-05,True,complete,pass,pass,pass,not_detected,stop,200.0,512,0.0001599,True,complete_pair,complete_pair
mistral,codestral-latest,codestral-2508,alias,api-numpy-reshape,complete,pass,pass,pass,not_detected,stop,200.0,512,0.0001026,True,complete,pass,pass,pass,not_detected,stop,200,512,0.00020550000000000003,True,complete,pass,pass,pass,not_detected,stop,200.0,512,0.0002493,True,complete_pair,complete_pair
mistral,codestral-latest,codestral-2508,alias,api-requests-get-json,complete,fail,pass,findings,not_detected,stop,200.0,512,0.000204,True,complete,pass,pass,pass,not_detected,stop,200,512,6.15e-05,True,complete,pass,pass,pass,not_detected,stop,200.0,512,0.0001239,True,complete_pair,complete_pair
mistral,codestral-latest,codestral-2508,alias,api-requests-post-json,complete,fail,pass,findings,not_detected,stop,200.0,512,0.00018060000000000003,True,complete,pass,pass,pass,not_detected,stop,200,512,7.05e-05,True,complete,pass,pass,pass,not_detected,stop,200.0,512,0.0001329,True,complete_pair,complete_pair
mistral,mistral-code-latest,codestral-2508,alias,api-pandas-groupby,complete,pass,pass,pass,not_detected,stop,200.0,512,0.000834,True,complete,pass,pass,pass,not_detected,stop,200,512,0.000975,True,complete,pass,pass,pass,not_detected,stop,200.0,512,0.0021735,True,complete_pair,complete_pair
mistral,mistral-code-latest,codestral-2508,alias,api-pandas-merge,complete,pass,pass,pass,not_detected,stop,200.0,512,0.000759,True,complete,pass,pass,pass,not_detected,stop,200,512,0.0012795,True,complete,pass,pass,pass,not_detected,stop,200.0,512,0.0018555,True,complete_pair,complete_pair
mistral,mistral-code-latest,codestral-2508,alias,api-numpy-norm,complete,pass,pass,pass,not_detected,stop,200.0,512,0.000561,True,complete,pass,pass,pass,not_detected,stop,200,512,0.0007335,True,complete,pass,pass,pass,not_detected,stop,200.0,512,0.001146,True,complete_pair,complete_pair
mistral,mistral-code-latest,codestral-2508,alias,api-numpy-reshape,complete,pass,pass,pass,not_detected,stop,200.0,512,0.0008055,True,complete,pass,pass,pass,not_detected,stop,200,512,0.0016515,True,complete,pass,pass,pass,not_detected,stop,200.0,512,0.0019815,True,complete_pair,complete_pair
mistral,mistral-code-latest,codestral-2508,alias,api-requests-get-json,complete,fail,pass,findings,not_detected,stop,200.0,512,0.001638,True,complete,pass,pass,pass,not_detected,stop,200,512,0.0004365,True,complete,pass,pass,pass,not_detected,stop,200.0,512,0.0007485,True,complete_pair,complete_pair
mistral,mistral-code-latest,codestral-2508,alias,api-requests-post-json,complete,fail,pass,findings,not_detected,stop,200.0,512,0.001434,True,complete,pass,pass,pass,not_detected,stop,200,512,0.0005055,True,complete,pass,pass,pass,not_detected,stop,200.0,512,0.0008175,True,complete_pair,complete_pair
mistral,mistral-code-fim-latest,codestral-2508,alias,api-pandas-groupby,complete,pass,pass,pass,not_detected,stop,200.0,512,0.000834,True,complete,pass,pass,pass,not_detected,stop,200,512,0.001005,True,complete,pass,pass,pass,not_detected,stop,200.0,512,0.001446,True,complete_pair,complete_pair
mistral,mistral-code-fim-latest,codestral-2508,alias,api-pandas-merge,complete,pass,pass,pass,not_detected,stop,200.0,512,0.000759,True,complete,pass,pass,pass,not_detected,stop,200,512,0.0012795,True,complete,pass,pass,pass,not_detected,stop,200.0,512,0.0018555,True,complete_pair,complete_pair
mistral,mistral-code-fim-latest,codestral-2508,alias,api-numpy-norm,complete,pass,pass,pass,not_detected,stop,200.0,512,0.000561,True,complete,pass,pass,pass,not_detected,stop,200,512,0.000636,True,complete,pass,pass,pass,not_detected,stop,200.0,512,0.001086,True,complete_pair,complete_pair
mistral,mistral-code-fim-latest,codestral-2508,alias,api-numpy-reshape,complete,pass,pass,pass,not_detected,stop,200.0,512,0.0008055,True,complete,pass,pass,pass,not_detected,stop,200,512,0.0016515,True,complete,pass,pass,pass,not_detected,stop,200.0,512,0.0019665,True,complete_pair,complete_pair
mistral,mistral-code-fim-latest,codestral-2508,alias,api-requests-get-json,complete,fail,pass,findings,not_detected,stop,200.0,512,0.001638,True,complete,pass,pass,pass,not_detected,stop,200,512,0.0004365,True,complete,pass,pass,pass,not_detected,stop,200.0,512,0.0007485,True,complete_pair,complete_pair
mistral,mistral-code-fim-latest,codestral-2508,alias,api-requests-post-json,complete,fail,pass,findings,not_detected,stop,200.0,512,0.001434,True,complete,pass,pass,pass,not_detected,stop,200,512,0.0005055,True,complete,pass,pass,pass,not_detected,stop,200.0,512,0.0008175,True,complete_pair,complete_pair
mistral,voxtral-small-2507,voxtral-small-2507,catalog_entry,api-pandas-groupby,complete,pass,pass,pass,not_detected,stop,200.0,512,0.0001104,True,complete,pass,pass,pass,not_detected,stop,200,512,6.99e-05,True,complete,pass,pass,pass,not_detected,stop,200.0,512,0.0001239,True,complete_pair,complete_pair
mistral,voxtral-small-2507,voxtral-small-2507,catalog_entry,api-pandas-merge,complete,pass,pass,pass,not_detected,stop,200.0,512,6.87e-05,True,complete,pass,pass,pass,not_detected,stop,200,512,6.57e-05,True,complete,fail,pass,pass,not_detected,stop,200.0,512,0.00014189999999999998,True,complete_pair,complete_pair
mistral,voxtral-small-2507,voxtral-small-2507,catalog_entry,api-numpy-norm,complete,pass,pass,pass,not_detected,stop,200.0,512,4.6049999999999994e-05,True,complete,pass,pass,pass,not_detected,stop,200,512,2.7899999999999997e-05,True,complete,pass,pass,pass,not_detected,stop,200.0,512,8.609999999999999e-05,True,complete_pair,complete_pair
mistral,voxtral-small-2507,voxtral-small-2507,catalog_entry,api-numpy-reshape,complete,pass,pass,pass,not_detected,stop,200.0,512,4.9949999999999994e-05,True,complete,fail,pass,pass,not_detected,stop,200,512,5.0549999999999995e-05,True,complete,fail,pass,pass,not_detected,stop,200.0,512,0.00017054999999999997,True,complete_pair,complete_pair
mistral,voxtral-small-2507,voxtral-small-2507,catalog_entry,api-requests-get-json,complete,fail,pass,findings,not_detected,stop,200.0,512,7.29e-05,True,complete,pass,pass,pass,not_detected,stop,200,512,5.34e-05,True,complete,pass,pass,pass,not_detected,stop,200.0,512,8.46e-05,True,complete_pair,complete_pair
mistral,voxtral-small-2507,voxtral-small-2507,catalog_entry,api-requests-post-json,complete,fail,pass,findings,not_detected,stop,200.0,512,3.945e-05,True,complete,pass,pass,pass,not_detected,stop,200,512,5.49e-05,True,complete,pass,pass,pass,not_detected,stop,200.0,512,8.969999999999998e-05,True,complete_pair,complete_pair
mistral,voxtral-small-latest,voxtral-small-2507,alias,api-pandas-groupby,complete,pass,pass,pass,not_detected,stop,200.0,512,0.0001104,True,complete,pass,pass,pass,not_detected,stop,200,512,6.99e-05,True,complete,pass,pass,pass,not_detected,stop,200.0,512,0.0001239,True,complete_pair,complete_pair
mistral,voxtral-small-latest,voxtral-small-2507,alias,api-pandas-merge,complete,pass,pass,pass,not_detected,stop,200.0,512,6.87e-05,True,complete,pass,pass,pass,not_detected,stop,200,512,6.57e-05,True,complete,timeout,pass,pass,not_detected,stop,200.0,512,0.00014189999999999998,True,complete_pair,complete_pair
mistral,voxtral-small-latest,voxtral-small-2507,alias,api-numpy-norm,complete,pass,pass,pass,not_detected,stop,200.0,512,4.6049999999999994e-05,True,complete,pass,pass,pass,not_detected,stop,200,512,2.7899999999999997e-05,True,complete,pass,pass,pass,not_detected,stop,200.0,512,8.609999999999999e-05,True,complete_pair,complete_pair
mistral,voxtral-small-latest,voxtral-small-2507,alias,api-numpy-reshape,complete,pass,pass,pass,not_detected,stop,200.0,512,4.9949999999999994e-05,True,complete,fail,pass,pass,not_detected,stop,200,512,5.0549999999999995e-05,True,complete,fail,pass,pass,not_detected,stop,200.0,512,0.00011834999999999999,True,complete_pair,complete_pair
mistral,voxtral-small-latest,voxtral-small-2507,alias,api-requests-get-json,complete,fail,pass,findings,not_detected,stop,200.0,512,7.05e-05,True,complete,pass,pass,pass,not_detected,stop,200,512,5.34e-05,True,complete,pass,pass,pass,not_detected,stop,200.0,512,8.46e-05,True,complete_pair,complete_pair
mistral,voxtral-small-latest,voxtral-small-2507,alias,api-requests-post-json,complete,fail,pass,findings,not_detected,stop,200.0,512,3.945e-05,True,complete,pass,pass,pass,not_detected,stop,200,512,5.49e-05,True,complete,pass,pass,pass,not_detected,stop,200.0,512,8.969999999999998e-05,True,complete_pair,complete_pair
mistral,ministral-3b-2512,ministral-3b-2512,catalog_entry,api-pandas-groupby,complete,pass,pass,pass,not_detected,stop,200.0,512,1.38e-05,True,complete,fail,pass,pass,not_detected,stop,200,512,1.29e-05,True,complete,fail,pass,pass,not_detected,stop,200.0,512,5.67e-05,True,complete_pair,complete_pair
mistral,ministral-3b-2512,ministral-3b-2512,catalog_entry,api-pandas-merge,complete,fail,pass,pass,not_detected,stop,200.0,512,1.5199999999999998e-05,True,complete,fail,pass,pass,not_detected,stop,200,512,2.01e-05,True,complete,fail,pass,pass,not_detected,stop,200.0,512,5.92e-05,True,complete_pair,complete_pair
mistral,ministral-3b-2512,ministral-3b-2512,catalog_entry,api-numpy-norm,complete,pass,pass,pass,not_detected,stop,200.0,512,6.700000000000001e-06,True,complete,pass,pass,pass,not_detected,stop,200,512,7.800000000000002e-06,True,complete,pass,pass,pass,not_detected,stop,200.0,512,3.95e-05,True,complete_pair,complete_pair
mistral,ministral-3b-2512,ministral-3b-2512,catalog_entry,api-numpy-reshape,complete,pass,pass,pass,not_detected,stop,200.0,512,2.5900000000000003e-05,True,complete,pass,pass,pass,not_detected,stop,200,512,1.2100000000000001e-05,True,complete,pass,pass,pass,not_detected,stop,200.0,512,4.940000000000001e-05,True,complete_pair,complete_pair
mistral,ministral-3b-2512,ministral-3b-2512,catalog_entry,api-requests-get-json,complete,fail,pass,findings,not_detected,stop,200.0,512,2.18e-05,True,complete,pass,pass,pass,not_detected,stop,200,512,1.16e-05,True,complete,pass,pass,pass,not_detected,stop,200.0,512,3.2300000000000006e-05,True,complete_pair,complete_pair
mistral,ministral-3b-2512,ministral-3b-2512,catalog_entry,api-requests-post-json,complete,fail,pass,findings,not_detected,stop,200.0,512,2.7000000000000002e-05,True,complete,pass,pass,pass,not_detected,stop,200,512,1.27e-05,True,complete,pass,pass,pass,not_detected,stop,200.0,512,3.35e-05,True,complete_pair,complete_pair
mistral,ministral-3b-latest,ministral-3b-2512,alias,api-pandas-groupby,complete,pass,pass,pass,not_detected,stop,200.0,512,1.38e-05,True,complete,fail,pass,pass,not_detected,stop,200,512,1.25e-05,True,complete,fail,pass,pass,not_detected,stop,200.0,512,5.7400000000000006e-05,True,complete_pair,complete_pair
mistral,ministral-3b-latest,ministral-3b-2512,alias,api-pandas-merge,complete,fail,pass,pass,not_detected,stop,200.0,512,1.46e-05,True,complete,fail,pass,pass,not_detected,stop,200,512,1.85e-05,True,complete,fail,pass,pass,not_detected,stop,200.0,512,5.96e-05,True,complete_pair,complete_pair
mistral,ministral-3b-latest,ministral-3b-2512,alias,api-numpy-norm,complete,pass,pass,pass,not_detected,stop,200.0,512,6.700000000000001e-06,True,complete,pass,pass,pass,not_detected,stop,200,512,7.800000000000002e-06,True,complete,pass,pass,pass,not_detected,stop,200.0,512,3.57e-05,True,complete_pair,complete_pair
mistral,ministral-3b-latest,ministral-3b-2512,alias,api-numpy-reshape,complete,pass,pass,pass,not_detected,stop,200.0,512,2.72e-05,True,complete,pass,pass,pass,not_detected,stop,200,512,1.2100000000000001e-05,True,complete,pass,pass,pass,not_detected,stop,200.0,512,4.88e-05,True,complete_pair,complete_pair
mistral,ministral-3b-latest,ministral-3b-2512,alias,api-requests-get-json,complete,fail,pass,findings,not_detected,stop,200.0,512,2.16e-05,True,complete,pass,pass,pass,not_detected,stop,200,512,1.16e-05,True,complete,pass,pass,pass,not_detected,stop,200.0,512,3.2300000000000006e-05,True,complete_pair,complete_pair
mistral,ministral-3b-latest,ministral-3b-2512,alias,api-requests-post-json,complete,fail,pass,findings,not_detected,stop,200.0,512,2.5500000000000003e-05,True,complete,pass,pass,pass,not_detected,stop,200,512,1.27e-05,True,complete,pass,pass,pass,not_detected,stop,200.0,512,3.35e-05,True,complete_pair,complete_pair
mistral,ministral-8b-2512,ministral-8b-2512,catalog_entry,api-pandas-groupby,complete,pass,pass,pass,not_detected,stop,200.0,512,2.1899999999999997e-05,True,complete,pass,pass,pass,not_detected,stop,200,512,2.385e-05,True,complete,pass,pass,pass,not_detected,stop,200.0,512,8.159999999999999e-05,True,complete_pair,complete_pair
mistral,ministral-8b-2512,ministral-8b-2512,catalog_entry,api-pandas-merge,complete,pass,pass,pass,not_detected,stop,200.0,512,4.215e-05,True,complete,fail,pass,pass,not_detected,stop,200,512,2.97e-05,True,complete,fail,pass,pass,not_detected,stop,200.0,512,8.819999999999999e-05,True,complete_pair,complete_pair
mistral,ministral-8b-2512,ministral-8b-2512,catalog_entry,api-numpy-norm,complete,pass,pass,pass,not_detected,stop,200.0,512,1.89e-05,True,complete,pass,pass,pass,not_detected,stop,200,512,1.95e-05,True,complete,pass,pass,pass,not_detected,stop,200.0,512,5.8049999999999995e-05,True,complete_pair,complete_pair
mistral,ministral-8b-2512,ministral-8b-2512,catalog_entry,api-numpy-reshape,complete,pass,pass,pass,not_detected,stop,200.0,512,4.0199999999999995e-05,True,complete,pass,pass,pass,not_detected,stop,200,512,3.375e-05,True,complete,pass,pass,pass,not_detected,stop,200.0,512,7.154999999999999e-05,True,complete_pair,complete_pair
mistral,ministral-8b-2512,ministral-8b-2512,catalog_entry,api-requests-get-json,complete,fail,pass,findings,not_detected,stop,200.0,512,3.0299999999999998e-05,True,complete,pass,pass,pass,not_detected,stop,200,512,1.785e-05,True,complete,pass,pass,pass,not_detected,stop,200.0,512,4.9050000000000006e-05,True,complete_pair,complete_pair
mistral,ministral-8b-2512,ministral-8b-2512,catalog_entry,api-requests-post-json,complete,fail,pass,findings,not_detected,stop,200.0,512,4.125e-05,True,complete,pass,pass,pass,not_detected,stop,200,512,1.9049999999999995e-05,True,complete,pass,pass,pass,not_detected,stop,200.0,512,5.025e-05,True,complete_pair,complete_pair
mistral,ministral-8b-latest,ministral-8b-2512,alias,api-pandas-groupby,complete,pass,pass,pass,not_detected,stop,200.0,512,2.1899999999999997e-05,True,complete,pass,pass,pass,not_detected,stop,200,512,2.385e-05,True,complete,pass,pass,pass,not_detected,stop,200.0,512,8.384999999999999e-05,True,complete_pair,complete_pair
mistral,ministral-8b-latest,ministral-8b-2512,alias,api-pandas-merge,complete,pass,pass,pass,not_detected,stop,200.0,512,4.2e-05,True,complete,fail,pass,pass,not_detected,stop,200,512,2.9549999999999997e-05,True,complete,fail,pass,pass,not_detected,stop,200.0,512,8.79e-05,True,complete_pair,complete_pair
mistral,ministral-8b-latest,ministral-8b-2512,alias,api-numpy-norm,complete,pass,pass,pass,not_detected,stop,200.0,512,1.89e-05,True,complete,pass,pass,pass,not_detected,stop,200,512,1.95e-05,True,complete,pass,pass,pass,not_detected,stop,200.0,512,5.88e-05,True,complete_pair,complete_pair
mistral,ministral-8b-latest,ministral-8b-2512,alias,api-numpy-reshape,complete,pass,pass,pass,not_detected,stop,200.0,512,4.094999999999999e-05,True,complete,pass,pass,pass,not_detected,stop,200,512,3.375e-05,True,complete,pass,pass,pass,not_detected,stop,200.0,512,7.259999999999999e-05,True,complete_pair,complete_pair
mistral,ministral-8b-latest,ministral-8b-2512,alias,api-requests-get-json,complete,fail,pass,findings,not_detected,stop,200.0,512,2.865e-05,True,complete,pass,pass,pass,not_detected,stop,200,512,1.785e-05,True,complete,pass,pass,pass,not_detected,stop,200.0,512,4.9050000000000006e-05,True,complete_pair,complete_pair
mistral,ministral-8b-latest,ministral-8b-2512,alias,api-requests-post-json,complete,fail,pass,findings,not_detected,stop,200.0,512,4.11e-05,True,complete,pass,pass,pass,not_detected,stop,200,512,1.9049999999999995e-05,True,complete,pass,pass,pass,not_detected,stop,200.0,512,5.025e-05,True,complete_pair,complete_pair
mistral,ministral-14b-2512,ministral-14b-2512,catalog_entry,api-pandas-groupby,complete,pass,pass,pass,not_detected,stop,200.0,512,2.76e-05,True,complete,pass,pass,pass,not_detected,stop,200,512,3.44e-05,True,complete,pass,pass,pass,not_detected,stop,200.0,512,0.00011600000000000001,True,complete_pair,complete_pair
mistral,ministral-14b-2512,ministral-14b-2512,catalog_entry,api-pandas-merge,complete,pass,pass,pass,not_detected,stop,200.0,512,3.76e-05,True,complete,pass,pass,pass,not_detected,stop,200,512,4.3e-05,True,complete,fail,pass,pass,not_detected,stop,200.0,512,0.00011520000000000001,True,complete_pair,complete_pair
mistral,ministral-14b-2512,ministral-14b-2512,catalog_entry,api-numpy-norm,complete,pass,pass,pass,not_detected,stop,200.0,512,1.32e-05,True,complete,pass,pass,pass,not_detected,stop,200,512,2.4200000000000002e-05,True,complete,pass,pass,pass,not_detected,stop,200.0,512,7.980000000000002e-05,True,complete_pair,complete_pair
mistral,ministral-14b-2512,ministral-14b-2512,catalog_entry,api-numpy-reshape,complete,pass,pass,pass,not_detected,stop,200.0,512,4.46e-05,True,complete,pass,pass,pass,not_detected,stop,200,512,4.96e-05,True,complete,pass,pass,pass,not_detected,stop,200.0,512,9.9e-05,True,complete_pair,complete_pair
mistral,ministral-14b-2512,ministral-14b-2512,catalog_entry,api-requests-get-json,complete,fail,pass,findings,not_detected,stop,200.0,512,4.1200000000000005e-05,True,complete,pass,pass,pass,not_detected,stop,200,512,2.38e-05,True,complete,pass,pass,pass,not_detected,stop,200.0,512,6.54e-05,True,complete_pair,complete_pair
mistral,ministral-14b-2512,ministral-14b-2512,catalog_entry,api-requests-post-json,complete,fail,pass,findings,not_detected,stop,200.0,512,5.000000000000001e-05,True,complete,pass,pass,pass,not_detected,stop,200,512,2.54e-05,True,complete,pass,pass,pass,not_detected,stop,200.0,512,6.7e-05,True,complete_pair,complete_pair
mistral,ministral-14b-latest,ministral-14b-2512,alias,api-pandas-groupby,complete,pass,pass,pass,not_detected,stop,200.0,512,2.76e-05,True,complete,pass,pass,pass,not_detected,stop,200,512,3.44e-05,True,complete,pass,pass,pass,not_detected,stop,200.0,512,0.00011600000000000001,True,complete_pair,complete_pair
mistral,ministral-14b-latest,ministral-14b-2512,alias,api-pandas-merge,complete,pass,pass,pass,not_detected,stop,200.0,512,3.82e-05,True,complete,pass,pass,pass,not_detected,stop,200,512,4e-05,True,complete,fail,pass,pass,not_detected,stop,200.0,512,0.00011520000000000001,True,complete_pair,complete_pair
mistral,ministral-14b-latest,ministral-14b-2512,alias,api-numpy-norm,complete,pass,pass,pass,not_detected,stop,200.0,512,1.32e-05,True,complete,pass,pass,pass,not_detected,stop,200,512,2.4200000000000002e-05,True,complete,pass,pass,pass,not_detected,stop,200.0,512,8.080000000000001e-05,True,complete_pair,complete_pair
mistral,ministral-14b-latest,ministral-14b-2512,alias,api-numpy-reshape,complete,pass,pass,pass,not_detected,stop,200.0,512,4.46e-05,True,complete,pass,pass,pass,not_detected,stop,200,512,4.9800000000000004e-05,True,complete,pass,pass,pass,not_detected,stop,200.0,512,9.84e-05,True,complete_pair,complete_pair
mistral,ministral-14b-latest,ministral-14b-2512,alias,api-requests-get-json,complete,fail,pass,findings,not_detected,stop,200.0,512,4.16e-05,True,complete,pass,pass,pass,not_detected,stop,200,512,2.38e-05,True,complete,pass,pass,pass,not_detected,stop,200.0,512,6.54e-05,True,complete_pair,complete_pair
mistral,ministral-14b-latest,ministral-14b-2512,alias,api-requests-post-json,complete,fail,pass,findings,not_detected,stop,200.0,512,5.000000000000001e-05,True,complete,pass,pass,pass,not_detected,stop,200,512,2.54e-05,True,complete,pass,pass,pass,not_detected,stop,200.0,512,6.7e-05,True,complete_pair,complete_pair
